Largeur eprouvette,Epaisseur,Distance inter-appui,epsilon1,epsilon2,delta1,delta2,effort1,effort2,sigma1,sigma2,Module E
6.694325013074245,1.0519344065210499,26,0.0005,0.0025,0.05355213498495457,0.26776067492477285,7.349492140446005,80.84441354490606,38.69348283324169,425.6283111656586,193467.41416620847
6.920894540814742,1.0728100241144467,25,0.0005,0.0025,0.04854851480002308,0.24274257400011542,1.6586419181481575,18.245061099629734,7.808651260974106,85.89516387071517,39043.256304870534
6.025516524801,1.1966988961883664,26,0.0005,0.0025,0.047073941083059366,0.2353697054152968,8.66480181230993,95.31281993540922,39.1614873552082,430.77636090729027,195807.43677604105
5.586738463659733,1.4739634192351214,25,0.0005,0.0025,0.03533556712035686,0.17667783560178432,2.593206841896972,28.525275260866692,8.011921305424892,88.13113435967381,40059.60652712446
5.738807249180708,1.247554924829237,29,0.0005,0.0025,0.05617655137943222,0.28088275689716113,5.597061583446924,61.56767741791616,27.25890174391553,299.84791918307076,136294.5087195776
5.603103644801692,1.293765076442574,28,0.0005,0.0025,0.050498606372169505,0.2524930318608475,1.750117572301431,19.251293295315744,7.8374902279555405,86.21239250751094,39187.4511397777
5.279039912732275,1.1254128077700771,25,0.0005,0.0025,0.04627931455350383,0.23139657276751915,4.802341197462662,52.825753172089286,26.934295973090236,296.2772557039926,134671.47986545117
6.756273227566146,1.4374528580550836,26,0.0005,0.0025,0.03918969099936537,0.1959484549968268,2.8812227303095708,31.693450033405277,8.049094265240516,88.54003691764568,40245.47132620258
6.482649789104887,1.262088508111483,29,0.0005,0.0025,0.05552965016550386,0.2776482508275193,9.34188819615821,102.76077015774032,39.35425879673772,432.8968467641149,196771.29398368858
5.304590327422539,1.2727416114541974,28,0.0005,0.0025,0.05133275501119617,0.2566637750559808,1.5929417669021875,17.522359435924063,7.786044012216851,85.64648413438539,38930.22006108427
5.78839003809529,1.2270049165506987,28,0.0005,0.0025,0.05324618707885497,0.26623093539427484,1.6173229177519635,17.7905520952716,7.794632388261289,85.74095627087416,38973.16194130643
5.896477248565391,1.2171447453001092,29,0.0005,0.0025,0.0575801141186811,0.2879005705934055,7.8060240604750835,85.86626466522593,38.87246296044816,427.59709256492977,194362.3148022408
5.677669478064586,1.1981710428003025,28,0.0005,0.0025,0.054527551576141996,0.27263775788070993,7.522896610753861,82.75186271829247,38.763826228326145,426.4020885115876,193819.13114163073
6.77550375324289,1.4809374674249718,27,0.0005,0.0025,0.0410213134155023,0.20510656707751151,14.782192013273011,162.60411214600313,40.28828963574541,443.1711859931995,201441.44817872706
5.34441815596962,1.4388048236623487,27,0.0005,0.0025,0.04222254401772598,0.2111127200886299,2.169104600990139,23.86015061089153,7.940197734444395,87.34217507888833,39700.98867222197
5.991109861521249,1.4763313809848446,27,0.0005,0.0025,0.04114929803867905,0.20574649019339525,12.913532984405954,142.0488628284655,40.05208354570162,440.57291900271775,200260.41772850807
5.958269130515101,1.0188966990119304,27,0.0005,0.0025,0.05962331614079424,0.29811658070397123,4.050641851702246,44.557060368724706,26.521521926488628,291.7367411913749,132607.60963244314
5.938222208435893,1.0736747654486305,28,0.0005,0.0025,0.06085020849496642,0.3042510424748321,1.2434809296629403,13.678290226292345,7.629331446933133,83.92264591626446,38146.65723466566
6.206460525128775,1.300547838169755,26,0.0005,0.0025,0.043315079753321904,0.21657539876660953,7.474065359080616,82.21471894988679,27.766736429229713,305.4341007215269,138833.68214614858
6.4381287733158885,1.4719202929921646,25,0.0005,0.0025,0.03538461530920043,0.17692307654600214,2.9988604462281176,32.987464908509295,8.062306028600563,88.6853663146062,40311.53014300282
6.244034118647303,1.3666529453180147,29,0.0005,0.0025,0.05128100266671961,0.25640501333359805,10.63204367421022,116.95248041631241,39.65740185477617,436.2314204025378,198287.0092738808
6.58751600238267,1.0744889786042904,26,0.0005,0.0025,0.05242802341863724,0.26214011709318613,5.293717424416562,58.23089166858219,27.145618964032856,298.6018086043614,135728.09482016426
6.402041169407739,1.1653566815411607,29,0.0005,0.0025,0.060138955260160804,0.30069477630080405,1.5532965632972282,17.086262196269512,7.771546227077639,85.48700849785402,38857.73113538819
6.145195357945002,1.141012816834551,25,0.0005,0.0025,0.04564658044580538,0.2282329022290269,8.332507635994528,91.6575839959398,39.05622361404609,429.61845975450694,195281.11807023044
6.240061348987624,1.1790327590200518,27,0.0005,0.0025,0.05152528590511099,0.2576264295255549,1.6735307517273155,18.40883826900047,7.813544985113314,85.94899483624644,39067.72492556657
6.591439456879424,1.3423228115855843,25,0.0005,0.0025,0.03880090011419178,0.1940045005709589,12.673811360555383,139.4119249661092,40.016978842498425,440.18676726748265,200084.8942124921
5.356908497704839,1.1187282840833712,28,0.0005,0.0025,0.05839964383028371,0.29199821915141855,4.253487311102918,46.788360422132094,26.64593519841606,293.10528718257666,133229.6759920803
6.246523398117537,1.3104147823912118,27,0.0005,0.0025,0.04635936713804841,0.23179683569024206,7.3469757930401745,80.81673372344193,27.740079020758305,305.1408692283414,138700.39510379155
6.668633663879135,1.183534839349439,28,0.0005,0.0025,0.05520186745769606,0.2760093372884803,8.71307573843127,95.84383312274396,39.176156490057366,430.93772139063105,195880.78245028685
6.578507375026569,1.1550755941610322,27,0.0005,0.0025,0.0525939603495169,0.2629698017475845,5.93185138835933,65.25036527195263,27.371405839734585,301.0854642370805,136857.02919867297
6.482911308898168,1.4104056602404247,26,0.0005,0.0025,0.039941227493181276,0.19970613746590635,13.260056100802013,145.86061710882214,40.1006861666507,441.10754783315775,200503.43083325351
5.516112238855031,1.3368749655353078,28,0.0005,0.0025,0.048870189821508654,0.24435094910754326,6.461379918591718,71.0751791045089,27.527063973532762,302.7977037088604,137635.31986766384
5.430601962633643,1.3721279492350438,26,0.0005,0.0025,0.04105545212801689,0.20527726064008445,7.267982270792057,79.94780497871263,27.72306687966537,304.95373567631907,138615.33439832684
6.579545734502031,1.025530850169426,28,0.0005,0.0025,0.06370684345823409,0.31853421729117043,1.2583505839615061,13.841856423576568,7.63761172926921,84.01372902196131,38188.05864634605
5.09050184851135,1.4390209422626312,29,0.0005,0.0025,0.04870209409401538,0.2435104704700769,1.909955585521888,21.009511440740766,7.881660013119579,86.69826014431537,39408.30006559789
5.735514102317321,1.495254700420657,28,0.0005,0.0025,0.04369378228000437,0.2184689114000218,2.4390682737152987,26.829751010868286,7.988597553102904,87.87457308413194,39942.98776551452
5.762422276717547,1.3533769496317904,25,0.0005,0.0025,0.03848398138264695,0.19241990691323474,11.193130890271393,123.12443979298533,39.768592311630535,437.4545154279359,198842.9615581527
6.442135647948008,1.1038326858001457,29,0.0005,0.0025,0.0634909024120185,0.3174545120600925,1.3901370089438865,15.29150709838275,7.703897527241655,84.74287279965819,38519.487636208265
6.638328407915772,1.0236062730875686,27,0.0005,0.0025,0.05934899149919814,0.2967449574959907,4.609503233215618,50.7045355653718,26.840125107140135,295.24137617854154,134200.6255357007
6.885783347110046,1.1903280447724396,25,0.0005,0.0025,0.04375544503220567,0.21877722516102838,7.209335298296687,79.30268828126357,27.71020931872393,304.81230250596326,138551.04659361969
6.17577843335452,1.0869351317376656,28,0.0005,0.0025,0.060107849517096745,0.3005392475854837,1.3336386255938244,14.67002488153207,7.676946194679446,84.44640814147391,38384.73097339723
5.004793582048652,1.3633138271665621,25,0.0005,0.0025,0.03820348058933762,0.1910174029466881,1.9580464004241678,21.538510404665843,7.893623312808626,86.82985644089487,39468.11656404312
6.5082070760449975,1.4365445615092078,28,0.0005,0.0025,0.04547950344449831,0.22739751722249155,12.802684103420592,140.82952513762652,40.03600665452479,440.3960731997727,200180.03327262393
5.00312520803512,1.2442836367632841,25,0.0005,0.0025,0.041858087492668526,0.20929043746334264,1.6095057593055744,17.70456335236132,7.791905044212473,85.7109554863372,38959.525221062366
5.044985688860216,1.232866972353781,26,0.0005,0.0025,0.045692953576152766,0.2284647678807638,7.629997137497281,83.92996851247008,38.80579694469566,426.8637663916522,194028.98472347826
6.218003591721449,1.035865338829498,26,0.0005,0.0025,0.05438287316089618,0.27191436580448086,1.3114423655119667,14.425866020631634,7.665778123564676,84.32355935921146,38328.89061782339
5.934605149258296,1.0078491033884889,27,0.0005,0.0025,0.060276880532762755,0.3013844026638138,5.623353315585069,61.85688647143576,37.78048577343396,415.5853435077736,188902.4288671698
6.454383130728695,1.3740870263992129,26,0.0005,0.0025,0.04099691813622206,0.2049845906811103,12.496006498272374,137.45607148099612,39.99011283833365,439.8912412216701,199950.56419166824
6.294120584310267,1.1424132433479754,27,0.0005,0.0025,0.05317690455160081,0.26588452275800406,5.523492756817735,60.75842032499509,27.232486379707744,299.5573501767853,136162.43189853878
5.553805646993011,1.2947564617607865,25,0.0005,0.0025,0.040226355203899354,0.20113177601949678,1.959913592177612,21.559049513953735,7.894076677562428,86.83484345318669,39470.38338781214
6.677356009270068,1.3725689907219338,27,0.0005,0.0025,0.04426007028473458,0.22130035142367294,8.692354303962235,95.61589734358459,27.984628473688456,307.830913210573,139923.14236844226
5.337481325998971,1.2765512398146388,28,0.0005,0.0025,0.05117956200709972,0.2558978100354986,8.06982487871609,88.76807366587701,38.967319161629966,428.64051077792976,194836.5958081499
6.420150454779906,1.4232274687742057,27,0.0005,0.0025,0.04268467362586996,0.2134233681293498,2.571621891689215,28.28784080858136,8.008815653717342,88.09697219089074,40044.0782685867
5.2922065175480375,1.2561171470791122,27,0.0005,0.0025,0.04836332354929144,0.24181661774645719,8.0314262190087,88.34568840909571,38.95387135566384,428.4925849123023,194769.3567783192
6.438895833584181,1.1931836116904535,26,0.0005,0.0025,0.0472126274459323,0.2360631372296615,1.8488161204083715,20.336977324492086,7.865609249069071,86.52170173975978,39328.04624534535
6.919960641196683,1.2264346293082913,27,0.0005,0.0025,0.049533826384422115,0.24766913192211057,10.16606223675459,111.82668460430048,39.55627192374978,435.11899116124766,197781.35961874895
5.059620050841551,1.2325379934951368,29,0.0005,0.0025,0.056860992280324256,0.2843049614016213,4.755262010526936,52.307882115796296,26.911950307815832,296.03145338597415,134559.75153907915
5.202286589054317,1.3855546567418402,26,0.0005,0.0025,0.04065760456235073,0.20328802281175362,10.127348618776162,111.40083480653779,39.547475819714556,435.0222340168601,197737.37909857277
6.322267789611235,1.0504332679258108,25,0.0005,0.0025,0.04958271498405345,0.24791357492026725,7.185135963360395,79.03649559696434,38.62392773511007,424.8632050862108,193119.63867555038
5.403378133910033,1.2013101141309313,29,0.0005,0.0025,0.058339085394310534,0.2916954269715527,6.9009273284650945,75.91020061311605,38.496485511241765,423.4613406236595,192482.42755620886
5.665411089500372,1.000335494178537,27,0.0005,0.0025,0.06072962556415849,0.3036481278207925,1.0502279388649303,11.552507327514235,7.502669309336785,82.52936240270463,37513.346546683926
6.778320556625129,1.0434714663831575,27,0.0005,0.0025,0.05821912908703619,0.29109564543518096,7.025763028011915,77.28339330813107,38.55362879463831,424.0899167410214,192768.14397319153
5.783039672928355,1.3144183572372365,26,0.0005,0.0025,0.04285799344109879,0.21428996720549395,10.131852008642513,111.45037209506765,39.548502286160705,435.03352514776776,197742.5114308035
5.630530578437459,1.1557473469573427,28,0.0005,0.0025,0.056529079219028236,0.28264539609514117,1.3785895543698965,15.164485098068864,7.698553676596709,84.68409044256381,38492.76838298355
5.283587334187436,1.0783067781787292,27,0.0005,0.0025,0.056338327115598164,0.2816916355779908,1.1485917908149765,12.634509698964743,7.5719401129102755,83.29134124201305,37859.700564551385
5.278328152529963,1.1859713503876483,27,0.0005,0.0025,0.05122383435328616,0.2561191717664308,1.4142079073736422,15.556286981110063,7.714779219297737,84.86257141227512,38573.89609648869
6.312739473311634,1.0683522128350829,27,0.0005,0.0025,0.05686326968780073,0.28431634843900366,6.844027568984065,75.28430325882472,38.46980628025496,423.1678690828046,192349.0314012748
5.1647067263975615,1.4230229710036901,25,0.0005,0.0025,0.03660048670654824,0.18300243353274118,7.759834605886652,85.35818066475316,27.823659224167002,306.06025146583704,139118.29612083503
6.809416370081354,1.3803384287568565,29,0.0005,0.0025,0.05077257277872857,0.2538628638936428,2.3797565491060984,26.177322040167084,7.978858060206745,87.7674386622742,39894.290301033725
6.077438513718604,1.2621365151173252,29,0.0005,0.0025,0.05552753802295194,0.2776376901147597,8.71940825786505,95.91349083651555,39.17806952933356,430.9587648226692,195890.3476466678
5.379148310247181,1.2244282388650887,29,0.0005,0.0025,0.057237599647565245,0.28618799823782626,5.0108931042344125,55.11982414657854,27.02864052868976,297.3150458155874,135143.2026434488
6.295838527791989,1.2545345310763998,26,0.0005,0.0025,0.044903772624735105,0.22451886312367553,7.030041184201046,77.3304530262115,27.669649369786733,304.366143067654,138348.24684893363
5.90580708761432,1.0456387315508506,27,0.0005,0.0025,0.05809845998139143,0.2904922999069572,6.068285672409177,66.75114239650094,38.06084806336714,418.66932869703845,190304.24031683567
5.291105497505815,1.0512003684779854,27,0.0005,0.0025,0.05779107563285853,0.2889553781642926,1.0870585089573594,11.957643598530955,7.529922620229479,82.82914882252429,37649.6131011474
5.819012756934855,1.4001660478335212,26,0.0005,0.0025,0.04023332334082659,0.20116661670413294,11.657462506888237,128.2320875757706,39.85292852618601,438.38221378804616,199264.64263093006
5.353180506404311,1.0974506393812853,28,0.0005,0.0025,0.05953191058339225,0.2976595529169612,4.073520553540201,44.80872608894221,26.53611391182489,291.89725303007384,132680.56955912447
5.062587356886018,1.0447356465258597,25,0.0005,0.0025,0.049853121702633646,0.24926560851316826,3.892498366684652,42.81748203353118,26.416443681267577,290.58088049394337,132082.2184063379
6.597369010093034,1.486254552121248,25,0.0005,0.0025,0.03504334655123357,0.17521673275616786,15.69402411760591,172.634265293665,40.383914309166585,444.2230574008324,201919.57154583288
6.752623938977444,1.4086959962328858,26,0.0005,0.0025,0.039989702167095756,0.19994851083547874,9.661961547986603,106.28157702785265,28.1204837336955,309.3253210706505,140602.4186684775
6.811537442246738,1.418633558943717,25,0.0005,0.0025,0.036713732735967015,0.18356866367983507,2.945064523736613,32.395709761102744,8.056389880439228,88.62028868483152,40281.94940219614
6.325753749022196,1.2986876146160138,25,0.0005,0.0025,0.04010458923852365,0.20052294619261823,7.924825764813209,87.1730834129453,27.854752969778772,306.4022826675665,139273.7648488939
6.525269078273574,1.2197675927817233,28,0.0005,0.0025,0.053562116029282555,0.26781058014641274,9.080466225426745,99.8851284796942,39.28301667607391,432.1131834368131,196415.0833803696
6.888727366073922,1.0659540885412953,26,0.0005,0.0025,0.0528478045526545,0.26423902276327244,5.461003556632481,60.071039122957295,27.2095318668077,299.3048505348847,136047.65933403847
6.5975121861065125,1.0375123807032423,29,0.0005,0.0025,0.06754939472223911,0.3377469736111956,1.245767961697301,13.70344757867031,7.630616683519417,83.9367835187136,38153.08341759709
6.665462910836593,1.034737189291158,28,0.0005,0.0025,0.0631400262883077,0.31570013144153847,6.508540518907553,71.5939457079831,38.303853754675366,421.34239130142896,191519.2687733768
5.184833798476841,1.105720106664468,29,0.0005,0.0025,0.06338252593122122,0.3169126296561061,5.4924329192757435,60.41676211203318,37.69022802822715,414.5925083104987,188451.14014113578
6.999749869748539,1.2446153001413114,25,0.0005,0.0025,0.04184693320692738,0.20923466603463692,8.061346246440129,88.6748087108414,27.879568689450792,306.67525558395874,139397.84344725398
6.983412145955827,1.4525902675056108,25,0.0005,0.0025,0.03585548829455596,0.1792774414727798,11.112709894339158,122.23980883773073,28.281165981659946,311.09282579825947,141405.82990829975
6.479884729144928,1.4544271949742709,29,0.0005,0.0025,0.04818620937198105,0.24093104685990527,2.521313981645056,27.734453798095615,8.001380730956761,88.01518804052436,40006.9036547838
5.058928837819239,1.2940800549698932,28,0.0005,0.0025,0.05048631503315559,0.25243157516577797,7.843856405008309,86.2824204550914,38.886429372795064,427.7507231007457,194432.1468639753
6.586299929568057,1.1986126082958863,28,0.0005,0.0025,0.0545074637803287,0.2725373189016435,6.18401671588361,68.0241838747197,27.44863535603504,301.93498891638535,137243.17678017516
6.131714895772806,1.2936609691960694,25,0.0005,0.0025,0.04026041951756488,0.20130209758782439,2.1730309387630107,23.903340326393117,7.940983128920678,87.35081441812744,39704.91564460338
5.700280109422322,1.2104263454938409,25,0.0005,0.0025,0.04302891582559193,0.21514457912795965,1.7451635242098964,19.19679876630886,7.836000629070259,86.19600691977286,39180.0031453513
6.001823314364393,1.302989288667689,27,0.0005,0.0025,0.04662356055291681,0.23311780276458405,1.9878274258032858,21.866101683836142,7.9007588091811565,86.9083469009927,39503.79404590577
5.278474832200075,1.2090346912497356,29,0.0005,0.0025,0.057966354349097055,0.2898317717454853,1.364355939145967,15.007915330605636,7.691852768593453,84.61038045452798,38459.263842967266
6.694786348247411,1.2314478115410503,25,0.0005,0.0025,0.042294389453788994,0.21147194726894497,2.148528862483469,23.633817487318158,7.936037576915388,87.29641334606927,39680.187884576946
5.481191373724574,1.0314169162461815,29,0.0005,0.0025,0.06794859792333059,0.33974298961665295,5.0018922171777715,55.020814388955486,37.314714280114515,410.46185708125967,186573.57140057257
6.929216841390079,1.2707211786201753,26,0.0005,0.0025,0.044331781260231636,0.22165890630115814,7.995025699514346,87.9452826946578,27.86761374695294,306.54375121648235,139338.0687347647
5.851598454714186,1.3756821976928177,29,0.0005,0.0025,0.050944421212160335,0.2547221060608017,10.064247042199531,110.70671746419484,39.53300201450339,434.8630221595372,197665.0100725169
5.234097886145579,1.4410483011293314,26,0.0005,0.0025,0.03909191197074076,0.19545955985370378,11.077283995666825,121.85012395233508,39.74650821074683,437.2115903182152,198732.5410537342
5.709953489443954,1.1931724265614099,28,0.0005,0.0025,0.05475598654388681,0.27377993271943407,7.50099057912675,82.51089637039425,38.75510542371471,426.3061596608618,193775.52711857352
6.884410465200087,1.2726448973225981,29,0.0005,0.0025,0.05506904045329163,0.2753452022664582,7.09634157775573,78.05975735531304,27.68487274358124,304.5336001793937,138424.36371790624
5.751085632737253,1.295333858734379,29,0.0005,0.0025,0.05410445566659476,0.2705222783329738,1.7377791557004725,19.1155707127052,7.833765571662926,86.17142128829222,39168.827858314646
5.318140972187506,1.3623481668222526,27,0.0005,0.0025,0.044592125184638016,0.22296062592319008,9.607957068096226,105.68752774905849,39.4230307078611,433.6533377864721,197115.15353930547
6.787233938588669,1.2447029434583248,28,0.0005,0.0025,0.05248909683768321,0.26244548418841607,9.887318250686686,108.76050075755354,39.49149293961386,434.4064223357525,197457.46469806932
6.2309007159526315,1.4344116873431356,27,0.0005,0.0025,0.042351857933145505,0.21175928966572752,2.5334179966330157,27.86759796296317,8.003195264566841,88.03514791023525,40015.976322834205
5.661752086312628,1.131392228193083,28,0.0005,0.0025,0.05774596263373268,0.2887298131686634,4.633490565863705,50.968396224500765,26.852229009943432,295.3745191093778,134261.1450497172
6.3334692680377325,1.1930479153320075,26,0.0005,0.0025,0.047217997374109325,0.2360899868705466,9.080231881446156,99.88255069590772,39.28295109196049,432.11246201156536,196414.75545980243
5.794397697696206,1.21474509999125,27,0.0005,0.0025,0.0500104919134373,0.2500524595671865,8.238877490715835,90.62765239787417,39.025138845654375,429.27652730219813,195125.69422827187
6.486625865525358,1.1088251452920825,29,0.0005,0.0025,0.06320503609689718,0.3160251804844859,1.414441809421387,15.558859903635259,7.714883290252434,84.86371619277678,38574.41645126217
6.204644703975604,1.3091082692926732,26,0.0005,0.0025,0.04303183675080664,0.2151591837540332,7.576240974294834,83.33865071724315,27.787555088791105,305.66310597670207,138937.77544395547
5.688276991709317,1.396756394752078,29,0.0005,0.0025,0.05017577409822635,0.2508788704911317,7.06069508561831,77.66764594180141,27.676721328643495,304.44393461507843,138383.60664321747
6.305888246272211,1.288372586461698,28,0.0005,0.0025,0.05070996854470532,0.25354984272352654,9.839124313601726,108.23036744961898,39.4799430319232,434.27937335115513,197399.71515961597
6.504901416721058,1.2031476806403327,29,0.0005,0.0025,0.05824998415492433,0.29124992077462164,5.9244641991119735,65.1691061902317,27.36905112811409,301.0595624092549,136845.2556405704
6.366942150987891,1.1409607577879042,28,0.0005,0.0025,0.05726168309241561,0.286308415462078,7.660386544753897,84.26425199229287,38.81750844222129,426.9925928644342,194087.54221110643
6.44930203087346,1.0092817261078664,28,0.0005,0.0025,0.06473250396128828,0.3236625198064414,5.941534635936724,65.35688099530397,37.98484751683241,417.8333226851565,189924.23758416204
5.865485721983351,1.2332023491618873,29,0.0005,0.0025,0.05683035990076047,0.28415179950380237,5.589167110020364,61.48083821022401,27.256098060176264,299.8170786619388,136280.49030088127
5.449915770953785,1.1535190489385618,28,0.0005,0.0025,0.056638278659941824,0.2831913932997091,4.636553165112608,51.00208481623869,26.853766149108395,295.3914276401924,134268.830745542
6.430705758980464,1.241308155814341,27,0.0005,0.0025,0.04894030520579791,0.24470152602898956,1.9295344826304188,21.22487930893461,7.886598123783117,86.75257936161431,39432.990618915595
5.114789513771145,1.358619627568953,26,0.0005,0.0025,0.04146365339512534,0.20731826697562666,9.53931608892073,104.93247697812804,39.405633301996964,433.46196632196666,197028.16650998485
5.800452058811617,1.0879546540310252,26,0.0005,0.0025,0.0517791188489432,0.258895594244716,4.7360339232604725,52.0963731558652,26.902706966694822,295.9297766336431,134513.5348334741
6.603772975210296,1.2234906284714246,25,0.0005,0.0025,0.042569458336108354,0.21284729168054176,2.088716565119588,22.97588221631547,7.923505246273171,87.15855770900491,39617.52623136587
5.148242765170943,1.150490484934548,28,0.0005,0.0025,0.05678737389736011,0.2839368694868006,4.33042105436448,47.63463159800929,26.69035410853247,293.59389519385724,133451.7705426624
5.698211130871954,1.0824857146007294,29,0.0005,0.0025,0.06474296370662341,0.32371481853311707,4.073115683351659,44.80427251686826,26.535856972498017,291.89442669747825,132679.2848624901
5.904806710871729,1.3109042397016895,29,0.0005,0.0025,0.05346182521255829,0.26730912606279145,9.169283856728988,100.86212242401888,39.30764747529628,432.3841222282591,196538.2373764814
6.26659133894362,1.2353067878237318,26,0.0005,0.0025,0.045602706864889056,0.22801353432444524,1.9340519621527275,21.27457158368,7.887724174458138,86.76496591903951,39438.62087229068
6.6486409584593655,1.2755955326794841,28,0.0005,0.0025,0.05121790697721853,0.25608953488609265,2.0380503364882343,22.41855370137058,7.912347208011327,87.03581928812461,39561.73604005665
6.161246567722346,1.4093783008258178,27,0.0005,0.0025,0.04310411190835268,0.2155205595417634,8.444522564366734,92.88974820803406,27.945145366582878,307.3965990324116,139725.72683291434
6.940985298931671,1.3360640930885361,28,0.0005,0.0025,0.0488998496938155,0.2444992484690775,2.3524162599763416,25.876578859739755,7.974211560745681,87.71632716820248,39871.0578037284
6.388090823782117,1.0611910076901678,27,0.0005,0.0025,0.057246998476015123,0.28623499238007566,4.782533042209446,52.6078634643039,26.924943327791166,296.1743766057028,134624.7166389558
6.305822340889845,1.1919739575859136,26,0.0005,0.0025,0.04726054036232835,0.23630270181164176,9.020458950622835,99.22504845685118,39.26611884638321,431.92730731021527,196330.594231916
6.880600126941553,1.0184993985966495,27,0.0005,0.0025,0.059646574248060476,0.2982328712403024,4.741686173524741,52.15854790877215,26.90543124021032,295.95974364231347,134527.15620105158
5.625519879555972,1.4529102258244067,27,0.0005,0.0025,0.041812631586049566,0.20906315793024785,8.180870479518974,89.98957527470873,27.900649642378987,306.9071460661688,139503.2482118949
6.083438022795245,1.116626720600416,27,0.0005,0.0025,0.054404931280288914,0.2720246564014446,5.066638019076919,55.733018209846115,27.05264793385565,297.5791272724122,135263.23966927826
6.121438400688314,1.4605308958942436,26,0.0005,0.0025,0.03857044961643345,0.19285224808216725,2.686872540169141,29.555597941860555,8.02484571511891,88.27330286630803,40124.228575594556
6.941244977224409,1.0295061794607563,25,0.0005,0.0025,0.050590598067720184,0.2529529903386009,7.611691935358724,83.72861128894597,38.79870077913637,426.78570857050005,193993.50389568185
6.192093173074673,1.4898562586136448,27,0.0005,0.0025,0.040775745746458564,0.20387872873229282,9.537795295245608,104.9157482477017,28.10456051511406,309.15016566625474,140522.80257557033
6.173188906065166,1.498319786761833,28,0.0005,0.0025,0.04360439868082611,0.21802199340413056,9.261371930927782,101.8750912402056,28.06764786366249,308.7441265002874,140338.23931831244
6.967728473692468,1.2949529152239596,28,0.0005,0.0025,0.05045228484005078,0.2522614242002539,11.05616083233416,121.61776915567576,39.74243426009875,437.16677686108625,198712.17130049376
6.199592420446471,1.0127708256610015,26,0.0005,0.0025,0.05562298192838094,0.2781149096419047,1.2440114308792436,13.684125739671678,7.629629953465624,83.92592948812187,38148.14976732812
6.656687549815662,1.4465090697942797,28,0.0005,0.0025,0.04516621063608328,0.2258310531804164,2.6600664177736615,29.260730595510275,8.021235663456768,88.23359229802445,40106.17831728384
6.32590733980814,1.214074827711573,27,0.0005,0.0025,0.05003810194673795,0.2501905097336898,1.8083088819900166,19.891397701890185,7.8544160669329015,86.39857673626192,39272.080334664504
6.2943586158645495,1.2082882222416362,26,0.0005,0.0025,0.04662243022515175,0.23311215112575873,9.268355914317114,101.95191505748826,39.334600397388,432.680604371268,196673.00198693998
5.334411167073993,1.1705494918357942,26,0.0005,0.0025,0.04812554593055672,0.24062772965278356,7.243333024631795,79.67666327094975,38.64888873951548,425.1377761346703,193244.4436975774
6.182794813537582,1.3723574907170373,26,0.0005,0.0025,0.0410485851641324,0.20524292582066198,8.338500260694657,91.72350286764123,27.92757362667615,307.2033098934376,139637.86813338072
6.553528100870206,1.173748572890649,29,0.0005,0.0025,0.05970898278558552,0.29854491392792765,8.089323162157495,88.98255478373244,38.97410241021131,428.71512651232433,194870.51205105652
6.572353857245452,1.2975339844718494,29,0.0005,0.0025,0.05401271502099436,0.27006357510497186,10.055576225740124,110.61133848314135,39.530999801240945,434.84099781365035,197654.99900620469
5.333820247507187,1.199312464055494,27,0.0005,0.0025,0.05065402205074474,0.2532701102537237,1.465600526568033,16.121605792248364,7.736910367389641,85.10601404128606,38684.55183694821
6.462367753942589,1.310047766970433,27,0.0005,0.0025,0.046372354910758834,0.23186177455379417,10.873607026110943,119.60967728722036,39.70660225594668,436.77262481541345,198533.0112797334
6.409545226907995,1.1754853409715342,28,0.0005,0.0025,0.05557987926870749,0.27789939634353744,5.7599121919654515,63.35903411161996,27.315144460829206,300.4665890691213,136575.72230414604
5.554132105356039,1.0478357162126581,28,0.0005,0.0025,0.06235074098206626,0.3117537049103313,5.47016883924029,60.17185723164319,37.67449340143013,414.4194274157315,188372.46700715067
6.488862158788768,1.0005032048990654,29,0.0005,0.0025,0.07004808479389489,0.35024042396947447,5.643370828819071,62.07707911700978,37.79395389505108,415.7334928455619,188969.76947525542
5.980426818498465,1.195095003232943,26,0.0005,0.0025,0.04713711728435122,0.23568558642175608,1.7141110983435308,18.855222081778837,7.826480947258867,86.09129041984754,39132.40473629433
5.136908244451838,1.0065553358910433,26,0.0005,0.0025,0.05596645442594053,0.27983227212970263,4.976777400921728,54.74455141013901,37.29371984069761,410.23091824767374,186468.59920348806
5.20484993611855,1.2435386615878659,27,0.0005,0.0025,0.048852522142278025,0.24426261071139013,7.71877598982342,84.90653588805762,38.8397712811475,427.23748409262254,194198.85640573752
6.840698739231752,1.1607547111589895,28,0.0005,0.0025,0.056285219181319845,0.28142609590659917,8.588781388563346,94.47659527419681,39.138075288950006,430.5188281784501,195690.37644475006
6.888946851864239,1.2627150496715218,27,0.0005,0.0025,0.048110616893180524,0.24055308446590262,10.762849794282397,118.39134773710637,39.684302831233275,436.5273311435661,198421.5141561664
5.757423997035591,1.2790966784956264,26,0.0005,0.0025,0.04404149762908321,0.22020748814541602,1.9032397153958915,20.93563686935481,7.879944210338637,86.67938631372502,39399.72105169319
5.858048789910199,1.0999437297881514,28,0.0005,0.0025,0.05939697783078095,0.2969848891539047,6.459469545101374,71.05416499611512,38.27826318805882,421.0608950686471,191391.31594029412
5.26718295296919,1.4381492343809898,27,0.0005,0.0025,0.042241791427263184,0.2112089571363159,10.669409631182818,117.363505943011,39.66514992101426,436.31664913115696,198325.74960507132
6.044498831390652,1.0041620780235534,25,0.0005,0.0025,0.05186745693070444,0.25933728465352224,1.2396529685629143,13.636182654192059,7.627170623877908,83.898876862657,38135.853119389554
5.9261219993303165,1.4204330570838306,29,0.0005,0.0025,0.0493394130640802,0.246697065320401,10.916376870454364,120.08014557499801,39.715098850358224,436.8660873539405,198575.49425179113
6.65289398657537,1.418898665112828,26,0.0005,0.0025,0.03970215401453903,0.19851077007269513,2.759273059766653,30.352003657433183,8.034260785087588,88.37686863596346,40171.30392543794
6.960224830934885,1.0763053861899277,29,0.0005,0.0025,0.06511472880520013,0.32557364402600064,5.009815178273852,55.10796696101238,27.028171462688803,297.3098860895768,135140.857313444
5.997821626746443,1.272703217052757,29,0.0005,0.0025,0.055066516996498005,0.27533258498249,1.7504128419688805,19.254541261657685,7.837578762151539,86.21336638366692,39187.89381075769
5.44757552082815,1.4338350064443992,26,0.0005,0.0025,0.03928857440370899,0.1964428720185449,11.433038559403096,125.76342415343406,39.812977365855296,437.94275102440815,199064.88682927642
6.576310709629386,1.1323926726550408,28,0.0005,0.0025,0.05769494532329576,0.28847472661647877,5.463391839791596,60.09731023770756,27.21041810056907,299.31459910625983,136052.09050284539
6.230607121668913,1.0062217737653891,27,0.0005,0.0025,0.06037436436369989,0.3018718218184994,1.182795704980091,13.010752754781002,7.5935870025603025,83.52945702816334,37967.93501280152
5.838885997667083,1.1406623940397158,27,0.0005,0.0025,0.05325852795484094,0.2662926397742047,7.250364457836601,79.75400903620262,38.65187958648328,425.17067545131613,193259.3979324164
5.838223733329368,1.4034975518851567,26,0.0005,0.0025,0.04013782087305194,0.2006891043652597,8.229723762861216,90.52696139147338,27.909098735728975,307.00008609301875,139545.4936786449
5.6322344283378145,1.3946969841138233,27,0.0005,0.0025,0.0435578485448579,0.21778924272428948,2.1466861189501993,23.613547308452194,7.935661321296467,87.29227453426115,39678.30660648234
6.819510172513454,1.452010723263598,25,0.0005,0.0025,0.03586979937466903,0.17934899687334516,15.475106174805616,170.22616792286178,40.361944064583355,443.98138471041693,201809.7203229168
6.019127546318387,1.3598383016685587,28,0.0005,0.0025,0.048044928027962994,0.24022464013981495,7.351600775677258,80.86760853244984,27.74106437274225,305.1517081001648,138705.3218637113
5.294035979912704,1.0378746650530308,28,0.0005,0.0025,0.062949155166048,0.31474577583024,1.0149211173487351,11.164132290836088,7.474891087737241,82.22380196510967,37374.455438686215
5.187509002810158,1.2181400740286654,29,0.0005,0.0025,0.05753306604679038,0.2876653302339519,1.3608173449167085,14.968990794083792,7.690166949483764,84.59183644432139,38450.83474741881
6.392850748952719,1.2354863092323312,25,0.0005,0.0025,0.04215613960602711,0.21078069803013555,10.301157923131798,113.31273715444979,39.58647880569602,435.45126686265615,197932.39402848008
6.923870121599797,1.2348992143534812,25,0.0005,0.0025,0.04217618144700256,0.21088090723501282,7.838418195062581,86.22260014568839,27.838623440095343,306.2248578410488,139193.11720047673
5.257134412922771,1.0296768981570938,28,0.0005,0.0025,0.06345032451467672,0.3172516225733836,3.46202572607319,38.08228298680509,26.08726573192185,286.9599230511403,130436.32865960924
6.516631379144854,1.0947689631124442,26,0.0005,0.0025,0.05145682352299872,0.2572841176149936,5.448138918498638,59.92952810348502,27.20474574571797,299.25220320289776,136023.7287285899
5.041562658942175,1.423204248414057,25,0.0005,0.0025,0.0365958248026397,0.1829791240131985,7.566370990138857,83.23008089152742,27.78556722946949,305.6412395241643,138927.83614734738
6.305652134231842,1.3486563718378046,25,0.0005,0.0025,0.038618683321356165,0.1930934166067808,12.217444876852852,134.39189364538137,39.94652731050729,439.41180041558016,199732.63655253642
6.908650893845387,1.4153168105413385,27,0.0005,0.0025,0.04292325191613035,0.21461625958065175,9.606362296422741,105.66998526065015,28.113402288931898,309.24742517825086,140567.01144465947
6.437384189377364,1.114731329645023,28,0.0005,0.0025,0.05860904021970765,0.29304520109853827,7.371216246818405,81.08337871500245,38.70246255456665,425.7270881002331,193512.31277283325
6.777372372984322,1.3812473928650508,28,0.0005,0.0025,0.04730024010964158,0.2365012005482079,2.460425468842214,27.06468015726435,7.991995188712663,87.91194707583927,39959.9759435633
6.73856799993994,1.1098923476194986,28,0.0005,0.0025,0.05886456778755212,0.29432283893776057,1.5345869913590788,16.880456904949867,7.7644638692684,85.4091025619524,38822.319346341996
6.846108767918711,1.3089903037897135,28,0.0005,0.0025,0.04991124314991793,0.24955621574958967,11.102459196919133,122.12705116611046,39.75134450010613,437.2647895011674,198756.72250053062
6.679709326893497,1.0677404176759355,29,0.0005,0.0025,0.06563705201483153,0.32818526007415766,6.724691513946175,73.97160665340793,38.41251068283079,422.53761751113876,192062.55341415398
5.17876771931486,1.3453136172139384,27,0.0005,0.0025,0.04515675692468609,0.22578378462343046,9.091989497719648,100.01188447491613,39.28623770794063,432.14861478734684,196431.1885397031
6.2545045549320655,1.012094146783486,28,0.0005,0.0025,0.06455262441835846,0.3227631220917923,5.778660868295455,63.56526955125001,37.88277273832212,416.71050012154325,189413.86369161058
6.173430260487441,1.3081279076860803,26,0.0005,0.0025,0.04306408647223204,0.2153204323611602,7.5239736354334,82.7637099897674,27.776972167085525,305.5466938379408,138884.86083542762
5.3497194701487665,1.0492096701144005,25,0.0005,0.0025,0.049640538794933554,0.2482026939746678,1.1935697343012308,13.129267077313541,7.600173159504368,83.60190475454806,38000.865797521845
6.895245805645297,1.1731860931565279,28,0.0005,0.0025,0.05568880650259846,0.2784440325129923,1.772466975697605,19.497136732673653,7.844113650240951,86.28525015265045,39220.56825120474
6.913152738060913,1.3138593333152275,29,0.0005,0.0025,0.05334158045404591,0.26670790227022956,10.894116349158676,119.83527984074543,39.71068447946185,436.81752927408036,198553.42239730924
5.076587852248589,1.444229114210761,28,0.0005,0.0025,0.04523751300293966,0.2261875650146983,1.9921382250302462,21.91352047533271,7.901775044099654,86.91952548509619,39508.87522049827
6.064280461257744,1.4401195966532414,26,0.0005,0.0025,0.03911712156702048,0.19558560783510237,12.91639657004497,142.08036227049467,40.0524953770671,440.57744914773815,200262.47688533552
6.3844881360087395,1.0322265781918474,27,0.0005,0.0025,0.05885335766728256,0.2942667883364128,4.498566601501941,49.48423261652135,26.782617506199195,294.6087925681911,133913.08753099595
5.927253885326479,1.2779729289977504,28,0.0005,0.0025,0.05112262697502597,0.2556131348751298,1.8104868993270753,19.91535589259783,7.855029823384489,86.40532805722938,39275.14911692245
5.217254093038676,1.3458029843389656,27,0.0005,0.0025,0.04514033681522806,0.2257016840761403,6.419944939820731,70.61939433802803,27.51575058259675,302.67325640856416,137578.7529129837
6.894296015871829,1.081853518354153,29,0.0005,0.0025,0.06478079716369792,0.32390398581848956,5.01398960580785,55.153885663886356,27.02998695867398,297.3298565454139,135149.93479336996
5.296077020980345,1.0711746432809472,26,0.0005,0.0025,0.052590241644245354,0.26295120822122675,5.916200580282032,65.07820638310235,37.969304073991424,417.66234481390563,189846.52036995708
6.177842447235086,1.3833188569163426,28,0.0005,0.0025,0.047229409912746115,0.23614704956373056,2.2387392408873112,24.626131649760424,7.953739803453878,87.49113783799265,39768.699017269384
5.494647467711182,1.0383407411968377,29,0.0005,0.0025,0.06749550562039218,0.3374775281019609,1.0183480105044749,11.201828115549224,7.477662389237373,82.2542862816111,37388.31194618687
5.761191124257497,1.3369434843412857,25,0.0005,0.0025,0.03895701945770347,0.1947850972885173,10.905330435531893,119.95863479085081,39.71291041788297,436.8420145967128,198564.55208941488
6.852610125276101,1.2734523770292085,27,0.0005,0.0025,0.047704964155567006,0.23852482077783504,10.896286262605514,119.85914888866066,39.71111553413341,436.8222708754675,198555.57767066706
6.922538142432958,1.3184191177358866,25,0.0005,0.0025,0.03950438266002675,0.19752191330013377,12.848866791392368,141.33753470531605,40.042736868231415,440.4701055505455,200213.68434115703
6.336325868441868,1.3694164947721488,29,0.0005,0.0025,0.051177515095576664,0.2558875754778834,7.591314635878449,83.50446099466294,27.790581562876884,305.6963971916457,138952.9078143844
5.1328558676639435,1.426562894582328,28,0.0005,0.0025,0.04579772373265166,0.2289886186632583,1.963547337952659,21.59902071747925,7.894956648497358,86.84452313347093,39474.78324248679
5.109905820902074,1.4752045993356933,26,0.0005,0.0025,0.038186793451363346,0.19093396725681672,11.347688406234976,124.82457246858473,39.797390618793706,437.7712968067308,198986.95309396854
6.058764777116789,1.059636906695228,27,0.0005,0.0025,0.05733095895033115,0.2866547947516558,4.498817733746005,49.48699507120605,26.782750606525216,294.61025667177734,133913.75303262606
6.583594766071945,1.2762173253774294,25,0.0005,0.0025,0.04081070856637225,0.20405354283186122,2.2763213325745144,25.039534658319663,7.960722267662679,87.5679449442895,39803.61133831341
6.6290219248498214,1.2474023179009808,27,0.0005,0.0025,0.04870120820540463,0.24350604102702314,10.06882810352692,110.75710913879612,39.534058535383856,434.8746438892224,197670.29267691926
5.171095053050067,1.0298129426502993,26,0.0005,0.0025,0.05470249110324382,0.27351245551621906,5.277825856780232,58.056084424582544,37.53361986110671,412.86981847217385,187668.09930553354
6.965656244478296,1.3600898182381531,25,0.0005,0.0025,0.038294039581004705,0.19147019790502354,13.803580831030827,151.8393891413391,40.17221823794757,441.8944006174233,200861.09118973787
6.1494163785787785,1.40078621590532,27,0.0005,0.0025,0.04336850213844918,0.21684251069224592,11.885256543157846,130.7378219747363,39.89201414258052,438.8121555683857,199460.07071290258
5.396294323192902,1.0663795029550087,27,0.0005,0.0025,0.05696846182025976,0.2848423091012988,5.735711013271196,63.09282114598316,37.854985008457746,416.40483509303516,189274.9250422887
5.710336921821225,1.1618392055729982,29,0.0005,0.0025,0.060321026349570886,0.3016051317478544,1.3628739253562911,14.991613178919202,7.691147698994902,84.60262468894392,38455.73849497451
6.720646612606173,1.2685154883988803,27,0.0005,0.0025,0.04789062534559876,0.23945312672799376,7.410825552119263,81.5190810733119,27.753579580073858,305.28937538081243,138767.89790036928
6.5722555566204495,1.1118172925110308,27,0.0005,0.0025,0.054640272650191106,0.2732013632509555,5.457945689142651,60.037402580569164,27.20839611875022,299.2923573062524,136041.9805937511
6.310216222600162,1.1357718429711745,27,0.0005,0.0025,0.05348785530822656,0.2674392765411328,1.562695331041598,17.189648641457577,7.7750448211523695,85.52549303267604,38875.22410576184
6.932556861194545,1.0124732982067564,29,0.0005,0.0025,0.06921993247373687,0.34609966236868434,6.233480379871978,68.56828417859175,38.15568515581241,419.71253671393646,190778.425779062
6.425347842389833,1.3093043616082451,28,0.0005,0.0025,0.049899271131338074,0.24949635565669037,2.077357512716218,22.850932639878398,7.9210483186790555,87.13153150546961,39605.24159339528
5.137666433054104,1.4702323639049617,28,0.0005,0.0025,0.044437420191055316,0.22218710095527658,7.33421440750489,80.67635848255378,27.737354128455006,305.11089541300504,138686.770642275
5.7919180807388635,1.2666319482957247,29,0.0005,0.0025,0.05533046393439837,0.2766523196719919,5.840683013143825,64.24751314458207,27.341957689121763,300.7615345803394,136709.7884456088
5.359249693157486,1.4183380763189501,28,0.0005,0.0025,0.04606330072086525,0.23031650360432623,2.030613328513089,22.336746613643978,7.910665248834151,87.01731773717566,39553.326244170756
5.664532547165638,1.2682650827272068,26,0.0005,0.0025,0.04441763326969254,0.22208816634846265,1.8368421615423356,20.205263776965694,7.8623486464910295,86.48583511140134,39311.743232455156
5.98857955196684,1.1127575080161511,29,0.0005,0.0025,0.06298167644654176,0.31490838223270884,6.531492440341606,71.84641684375767,38.315702797585246,421.4727307734377,191578.51398792624
6.13390539774411,1.0504896450688215,27,0.0005,0.0025,0.05783017499046365,0.2891508749523182,6.391596531956292,70.30756185151921,38.242277658733464,420.6650542460681,191211.38829366732
5.894445097585924,1.3263624237503333,25,0.0005,0.0025,0.039267799208353625,0.1963389960417681,2.1972101093884233,24.16931120327266,7.945761222856318,87.40337345141951,39728.80611428159
5.798038148092502,1.0289254156592118,26,0.0005,0.0025,0.054749676192264826,0.2737483809613241,4.187710797897451,46.06481877687197,26.606786852152993,292.674655373683,133033.934260765
6.107028615625444,1.4873935202227235,25,0.0005,0.0025,0.035016512190757916,0.1750825609537896,2.9008149370810616,31.90896430789168,8.05136592914708,88.56502522061788,40256.8296457354
5.649471582330868,1.155425735205826,26,0.0005,0.0025,0.04875547741136145,0.2437773870568072,1.498842004793327,16.4872620527266,7.750479309375058,85.25527240312564,38752.396546875294
6.382050276248554,1.4202364854658511,27,0.0005,0.0025,0.04277456650472786,0.21387283252363928,12.721788257942194,139.93967083736413,40.02410546390493,440.2651601029543,200120.52731952467
6.55322689047736,1.4747795995619821,28,0.0005,0.0025,0.04430040485557144,0.22150202427785717,2.725011894236573,29.975130836602307,8.029865022602886,88.32851524863176,40149.325113014434
5.518241013803932,1.141324130139365,25,0.0005,0.0025,0.04563412965515198,0.2281706482757599,5.195898460536907,57.15488306590598,27.106488440829246,298.17137284912167,135532.4422041462
6.866474981630631,1.1402004679594246,29,0.0005,0.0025,0.06146579948240061,0.30732899741200304,5.593660985428648,61.53027083971513,27.257694937667917,299.83464431434714,136288.47468833963
6.04619827033644,1.495179941152266,26,0.0005,0.0025,0.037676624587352235,0.18838312293676118,9.74984923725608,107.24834160981689,28.13151999120637,309.4467199032701,140657.59995603186
5.927397365629524,1.4484860964508248,25,0.0005,0.0025,0.03595708199129513,0.17978540995647566,13.300660262907478,146.30726289198225,40.106222937593465,441.168452313528,200531.11468796726
5.459533363814951,1.4688362679547287,25,0.0005,0.0025,0.0354589102064156,0.177294551032078,2.512849940371273,27.641349344084002,8.000101980672184,88.00112178739403,40000.50990336092
6.123544228426968,1.2416085812719886,26,0.0005,0.0025,0.04537124999218484,0.22685624996092416,1.9076231968895438,20.983855165784988,7.881065407950345,86.69171948745381,39405.32703975173
5.530430384252609,1.3907151315962667,29,0.0005,0.0025,0.05039373753911161,0.2519686876955581,6.789620971620647,74.68583068782712,27.612103821948697,303.7331420414356,138060.51910974344
5.567295761420177,1.1449706639231532,27,0.0005,0.0025,0.053058127962724244,0.2652906398136212,1.3881520095881574,15.269672105469732,7.7029847258970525,84.73283198486759,38514.92362948527
6.185219323740978,1.2561249459919233,27,0.0005,0.0025,0.048363023275544925,0.24181511637772465,9.492760569481396,104.42036626429535,39.393699262104136,433.33069188314556,196968.4963105207
5.488859239949212,1.4387178949710955,26,0.0005,0.0025,0.0391552322593896,0.19577616129694797,8.125146927791338,89.37661620570474,27.890894675266733,306.79984142793415,139454.4733763337
6.645568042258445,1.3538378313209551,29,0.0005,0.0025,0.051766416709564264,0.25883208354782133,11.132446144400099,122.4569075884011,39.757078131250985,437.3278594437609,198785.39065625495
5.922328157024363,1.2146065792297467,25,0.0005,0.0025,0.042880825959597905,0.21440412979798953,1.8314854046292581,20.146339450921843,7.860877042566627,86.4696474682329,39304.38521283314
5.458506019919445,1.0156451120963212,25,0.0005,0.0025,0.05128103578013762,0.2564051789006881,1.1356544909101338,12.492199400011472,7.563446360146533,83.19790996161187,37817.23180073267
6.608574665171265,1.491522109578493,28,0.0005,0.0025,0.04380312763301689,0.21901563816508443,2.8147286709380808,30.96201538031889,8.041158731822586,88.45274605004846,40205.79365911293
6.756654906551147,1.4660422552243162,28,0.0005,0.0025,0.0445644271851747,0.22282213592587347,2.778779645365546,30.566576099021006,8.036717179361942,88.40388897298135,40183.5858968097
6.359614331712606,1.4239609508946394,28,0.0005,0.0025,0.04588140797841825,0.2294070398920912,2.453424348219114,26.98766783041025,7.990887606659763,87.89976367325738,39954.43803329881
6.8981600177714295,1.4217501144705622,26,0.0005,0.0025,0.039622527728306885,0.1981126386415344,14.388309469780436,158.2714041675848,40.243391064384575,442.6773017082303,201216.95532192284
5.72079907712514,1.4845379027483654,28,0.0005,0.0025,0.044009205297069184,0.2200460264853459,2.395950932319023,26.355460255509254,7.9815627884359115,87.79719067279501,39907.81394217955
6.93127406260827,1.104048536040953,29,0.0005,0.0025,0.063478489437292,0.31739244718646,7.529312079892427,82.8224328788167,38.76637136328821,426.4300849961703,193831.85681644105
5.542939872223794,1.4496754292277747,29,0.0005,0.0025,0.04834415478136779,0.24172077390683894,7.433360742934583,81.76696817228041,27.758292197518337,305.3412141727017,138791.46098759168
5.572251377189765,1.3283924825136744,25,0.0005,0.0025,0.03920778988057635,0.19603894940288175,2.0769703539427495,22.84667389337025,7.920964130857767,87.13060543943547,39604.82065428885
5.103441032589008,1.1780780126984913,29,0.0005,0.0025,0.05948955211616359,0.29744776058081795,6.210619200829021,68.31681120911924,38.14283387723373,419.5711726495711,190714.16938616868
5.368472485346864,1.1864642260736316,28,0.0005,0.0025,0.05506557374219455,0.2753278687109727,6.92914022831035,76.22054251141385,38.50956502555142,423.6052152810656,192547.8251277571
5.536434829888943,1.2936153923840783,26,0.0005,0.0025,0.043547203956435146,0.2177360197821757,1.8699071638278353,20.568978802106187,7.871257341281345,86.5838307540948,39356.286706406725
5.349773419654104,1.1421030644539467,26,0.0005,0.0025,0.04932421169911402,0.2466210584955701,1.377396953554819,15.151366489103006,7.697997094946936,84.67796804441629,38489.985474734676
5.289478304149658,1.4007711214528396,25,0.0005,0.0025,0.03718190112265735,0.18590950561328676,2.199242638449937,24.191669022949306,7.946158346506935,87.40774181157629,39730.79173253468
6.52459259956762,1.3460493915341725,28,0.0005,0.0025,0.04853709956279469,0.24268549781397344,7.8354724208356314,86.19019662919195,27.838067620719634,306.21874382791594,139190.33810359816
6.573714678343144,1.0222649476226646,29,0.0005,0.0025,0.06855691716351628,0.3427845858175814,1.2009539492730639,13.210493442003704,7.604625337174076,83.65087870891486,38023.1266858704
5.963791776157537,1.2976831770516122,29,0.0005,0.0025,0.054006505264686755,0.2700325263234338,6.347994819760679,69.82794301736746,27.495777181735715,302.45354899909285,137478.88590867855
6.0234700332477455,1.0107608607116516,25,0.0005,0.0025,0.05152883867768955,0.25764419338844774,6.264215013180934,68.90636514499027,38.17282809855884,419.9011090841473,190864.14049279422
6.316243579041508,1.2370364198287171,27,0.0005,0.0025,0.04910930593976496,0.24554652969882482,9.395426007539411,103.34968608293352,39.36839034887912,433.0522938376703,196841.95174439557
6.054870754352443,1.328071453918724,28,0.0005,0.0025,0.0491941402253283,0.2459707011266415,2.0102756006500866,22.11303160715095,7.906005840906293,86.96606424996922,39530.02920453146
5.377125298741596,1.0959837953736156,25,0.0005,0.0025,0.0475219921619173,0.2376099608095865,4.624144968906961,50.86559465797658,26.847526898147752,295.32279587962535,134237.6344907388
6.811360622869734,1.4651739572545668,26,0.0005,0.0025,0.038448221833597404,0.192241109167987,15.118923471875238,166.30815819062764,40.32489266532248,443.57381931854724,201624.46332661237
5.32745781235427,1.0654857950336178,28,0.0005,0.0025,0.06131788301435962,0.3065894150717981,3.794003731832603,41.73404105015863,26.34703186202605,289.81735048228654,131735.15931013026
6.327874565844013,1.193401094305682,28,0.0005,0.0025,0.054745494741936795,0.273727473709684,5.868907587483091,64.557983462314,27.351165426730255,300.8628196940328,136755.82713365127
5.445024187876797,1.466544445521224,28,0.0005,0.0025,0.04454916694332659,0.22274583471663295,2.2165711344250467,24.38228247867552,7.94951607019785,87.4446767721764,39747.58035098927
5.6431129151672526,1.144831473340966,29,0.0005,0.0025,0.061217161621883856,0.3060858081094193,4.559101914999519,50.15012106499471,26.81431435254905,294.9574578780395,134071.57176274524
6.087469328118319,1.256222093346427,28,0.0005,0.0025,0.05200778881327669,0.26003894406638345,1.7957108377952733,19.75281921574801,7.850838687021727,86.35922555723901,39254.193435108646
6.98043819252179,1.0671869534268401,27,0.0005,0.0025,0.05692535858400995,0.2846267929200498,7.61633505233519,83.7796855756871,38.80050370523867,426.8055407576254,194002.51852619337
6.69811100432252,1.2727732939370355,29,0.0005,0.0025,0.055063485121176946,0.27531742560588474,1.9696827660467493,21.666510426514243,7.8964355152691805,86.860790667961,39482.17757634591
5.732886797995328,1.0900495367725918,27,0.0005,0.0025,0.05573141215202753,0.27865706076013763,6.436108780942367,70.79719659036604,38.26595560996104,420.9255117095715,191329.7780498052
5.5517960115387694,1.244321540467085,27,0.0005,0.0025,0.048821786029032394,0.24410893014516197,1.6572747855136218,18.230022640649842,7.8081978089722535,85.89017589869479,39040.98904486127
5.351864918230746,1.4351155938134603,26,0.0005,0.0025,0.03925351628550117,0.1962675814275058,11.242307574261751,123.66538331687927,39.777836623152744,437.5562028546802,198889.18311576374
5.05876608813602,1.038040350643383,28,0.0005,0.0025,0.06293910761064286,0.3146955380532143,3.3760416371346045,37.136458008480645,26.01261508353483,286.1387659188831,130063.07541767413
6.98777157049168,1.4512819107235706,29,0.0005,0.0025,0.04829064071941174,0.24145320359705874,2.716444923591247,29.880894159503722,8.028749302871937,88.31624233159131,40143.74651435969
6.516809617122466,1.1675158378062451,29,0.0005,0.0025,0.060027736724342404,0.30013868362171203,1.589732752455002,17.487060277005025,7.7848954400508585,85.63384984055946,38924.4772002543
5.093608045696596,1.164384367431912,25,0.0005,0.0025,0.04473036120212163,0.22365180601060813,4.974569269696805,54.72026196666486,27.012731093418477,297.1400420276033,135063.65546709238
5.698780389584483,1.1406759712849845,29,0.0005,0.0025,0.06144017678778984,0.30720088393894923,4.5718325852785,50.29015843806351,26.820882795225927,295.02971074748524,134104.41397612964
5.401725025877641,1.2700646605898795,28,0.0005,0.0025,0.05144095049695294,0.2572047524847647,8.085285169571648,88.93813686528814,38.97270012741522,428.69970140156755,194863.50063707615
6.527374542699107,1.4573307672492537,28,0.0005,0.0025,0.04483082001806051,0.22415410009030257,2.646975673419412,29.116732407613537,8.019447329490754,88.2139206243983,40097.23664745377
5.711969442246049,1.1315023368740467,27,0.0005,0.0025,0.053689681426404685,0.26844840713202345,1.3911657417663064,15.30282315942937,7.704369649770095,84.74806614747104,38521.84824885047
6.602646094216239,1.3639174268608476,27,0.0005,0.0025,0.04454081955666511,0.2227040977833256,12.10958023095714,133.20538254052855,39.92913811021286,439.2205192123415,199645.69055106433
5.28942894887108,1.3942616162842756,26,0.0005,0.0025,0.04040370377796268,0.20201851888981337,7.3117672934788835,80.42944022826772,27.73253930667047,305.0579323733752,138662.69653335237
6.803499552886871,1.2767057003452866,27,0.0005,0.0025,0.047583401549448776,0.2379170077472439,10.872230609512656,119.59453670463921,39.706327769402485,436.7696054634274,198531.63884701245
5.401510679046722,1.448759993120496,25,0.0005,0.0025,0.03595028409167388,0.17975142045836942,2.4139375041855184,26.5533125460407,7.984526408661373,87.82979049527509,39922.63204330686
6.12395527674822,1.4691856781605241,29,0.0005,0.0025,0.047702162071903885,0.23851081035951943,12.134739592877153,133.48213552164867,39.93322041421071,439.26542455631767,199666.10207105346
5.912924739292125,1.2269135498382266,25,0.0005,0.0025,0.042450695356816885,0.21225347678408443,1.8681760029771166,20.54993603274828,7.870798245314433,86.57878069845877,39353.99122657217
6.967904295677225,1.4198605100152262,28,0.0005,0.0025,0.04601390972739479,0.23006954863697393,9.393494387221557,103.32843825943712,28.08554996798837,308.94104964787203,140427.74983994183
5.04278702583706,1.0699357829205347,25,0.0005,0.0025,0.04867893397411648,0.24339466987058242,1.1674969669589281,12.84246663654821,7.58404632855014,83.42450961405154,37920.231642750696
5.849530401263955,1.3606435022149492,25,0.0005,0.0025,0.0382784566630043,0.1913922833150215,8.050722410531264,88.55794651584392,27.877666199420794,306.65432819362877,139388.330997104
6.7791515712342365,1.1016225364758758,27,0.0005,0.0025,0.05514593065092977,0.2757296532546489,1.5807297981673991,17.38802777984139,7.781650036098407,85.59815039708245,38908.25018049202
6.37635512519811,1.2369865439893244,26,0.0005,0.0025,0.04554078102713744,0.2277039051356872,9.879158875156778,108.67074762672456,39.48954495681061,434.3849945249168,197447.72478405308
6.4552374456358335,1.0401384026795015,28,0.0005,0.0025,0.0628121538105199,0.3140607690525995,1.2711597895453384,13.982757684998724,7.644603286587161,84.0906361524588,38223.01643293582
5.463392422491889,1.158029652740654,28,0.0005,0.0025,0.05641766873474442,0.2820883436737221,1.3397086897159243,14.736795586875168,7.679941438238607,84.47935582062468,38399.70719119304
6.023991878716764,1.4773183313876754,29,0.0005,0.0025,0.047439561159105505,0.23719780579552754,2.4131565932734524,26.54472252600798,7.9843986111681655,87.82838472284985,39921.993055840845
5.5629177558521645,1.4109500003844058,27,0.0005,0.0025,0.04305609694422126,0.2152804847211063,7.599668220957709,83.5963504305348,27.79225389941251,305.7147928935376,138961.26949706255
5.686974509353813,1.2338560481065264,28,0.0005,0.0025,0.0529505313311012,0.26475265665550596,1.6059619857095173,17.66558184280469,7.79066053790205,85.69726591692256,38953.30268951025
6.662996146700255,1.4070233699508647,27,0.0005,0.0025,0.04317625513364535,0.21588127566822676,13.051336853592796,143.56470538952075,40.071706540407476,440.78877194448216,200358.53270203734
5.174881375531997,1.1304011390272857,26,0.0005,0.0025,0.04983481649868858,0.24917408249344286,4.545175371325694,49.99692908458264,26.80709046835689,294.8779951519258,134035.45234178446
6.211226840048155,1.415809870073278,28,0.0005,0.0025,0.04614555577999458,0.2307277788999729,8.275728390958616,91.03301230054477,27.916968561281024,307.0866541740912,139584.8428064051
5.053886623470948,1.2305770214835596,25,0.0005,0.0025,0.04232431812398275,0.21162159061991376,7.943540368215091,87.378944050366,38.92263890362359,428.1490279398595,194613.19451811793
6.034260254686306,1.3052102486920476,25,0.0005,0.0025,0.03990417129004779,0.19952085645023893,7.619738162663738,83.81711978930113,27.796257608608972,305.7588336946987,138981.28804304486
5.329033618379945,1.2162224375625446,26,0.0005,0.0025,0.04631828158526008,0.2315914079263004,7.861007138033606,86.47107851836967,38.8927198304365,427.81991813480147,194463.5991521825
6.2384498429651245,1.456110459095596,28,0.0005,0.0025,0.044868390941929286,0.22434195470964644,8.819353765284074,97.01289141812484,28.00404220268441,308.0444642295286,140020.21101342211
5.3861740976641,1.129566293432176,28,0.0005,0.0025,0.05783930851443757,0.2891965425721878,1.2488566000226622,13.737422600249284,7.632345607862756,83.95580168649032,38161.72803931378
6.721939744703787,1.040226632973638,27,0.0005,0.0025,0.05840073506514379,0.2920036753257189,4.8404776394353926,53.245254033789315,26.952104920708116,296.47315412778926,134760.52460354057
5.443479798681741,1.2738327114691899,25,0.0005,0.0025,0.04088710618308931,0.20443553091544656,9.26476031882596,101.91236350708556,39.33363164290959,432.6699480720054,196668.1582145479
6.963807746673479,1.232953595217752,26,0.0005,0.0025,0.04568974335435901,0.22844871677179504,2.154496491683171,23.699461408514882,7.937251887340924,87.30977076075015,39686.25943670462
6.726867579907358,1.1003147214554854,27,0.0005,0.0025,0.055211476148969915,0.2760573807448496,7.81775957293565,85.99535530229215,38.876808698329896,427.64489568162884,194384.04349164947
5.703201862260221,1.2705731779866771,29,0.0005,0.0025,0.055158832680842415,0.2757941634042121,1.652294448075562,18.17523892883118,7.8065400278153865,85.87194030596926,39032.70013907694
6.480362680933381,1.0796161636331096,29,0.0005,0.0025,0.06491504637860353,0.3245752318930176,1.3329638936377188,14.662602830014908,7.676611711873432,84.44272883060776,38383.058559367164
5.525207791585599,1.1150986020719749,26,0.0005,0.0025,0.050518701421255356,0.25259350710627676,4.739511732755112,52.13462906030623,26.904383906264872,295.9482229689136,134521.91953132438
6.659379517402517,1.4761910587450147,26,0.0005,0.0025,0.03816127526285464,0.1908063763142732,10.499973709726328,115.4997108069896,28.21849917563642,310.4034909320006,141092.4958781821
5.214786417104836,1.1529292397125677,28,0.0005,0.0025,0.056667253360337476,0.2833362668016874,1.2607377586730166,13.868115345403183,7.638924499085742,84.02816948994315,38194.6224954287
6.667957873065657,1.3902228302044592,25,0.0005,0.0025,0.03746401814281346,0.1873200907140673,2.7611446175222527,30.37259079274478,8.034497903382865,88.37947693721152,40172.48951691433
6.733333090035758,1.425245877738201,25,0.0005,0.0025,0.036543402192460404,0.182717010962302,2.93817203764608,32.319892414106874,8.055616872170555,88.6117855938761,40278.08436085277
5.1170319201238215,1.4324232900209006,27,0.0005,0.0025,0.04241064804183237,0.2120532402091619,7.182092325105335,79.00301557615867,27.704169356350516,304.7458629198556,138520.84678175254
5.054973516885874,1.4194448367078816,29,0.0005,0.0025,0.04937376326358523,0.24686881631792615,1.8411266168868607,20.25239278575547,7.8635198986693435,86.49871888536279,39317.59949334672
6.485889676385292,1.313259908301176,27,0.0005,0.0025,0.04625893139354706,0.2312946569677353,10.972148196353762,120.69363015989138,39.72608418241522,436.98692600656744,198630.4209120761
6.461039842236864,1.2380733839898275,26,0.0005,0.0025,0.045500803152550603,0.227504015762753,7.0261958922452425,77.28815481469768,27.668758148568145,304.3563396342496,138343.79074284073
6.577334131575661,1.2953470811230585,29,0.0005,0.0025,0.05410390338979378,0.2705195169489689,2.005532388174353,22.06085626991789,7.904906374009382,86.95397011410323,39524.53187004692
5.101058430101324,1.1584911371788253,25,0.0005,0.0025,0.044957904002759515,0.22478952001379757,4.927742164641835,54.20516381106019,26.991903607044083,296.910939677485,134959.51803522045
5.495559666556169,1.4424640167915102,26,0.0005,0.0025,0.03905354496026614,0.19526772480133067,11.68616658347834,128.54783241826172,39.85793328893824,438.4372661783206,199289.6664446912
5.216691439723874,1.3506843448095627,25,0.0005,0.0025,0.03856069964346609,0.19280349821733045,2.0062129430701905,22.068342373772097,7.90506442586442,86.95570868450862,39525.3221293221
6.096400508454362,1.3560059768076123,29,0.0005,0.0025,0.05168364633489859,0.25841823167449296,7.136627258421689,78.50289984263858,27.693992689919973,304.6339195891197,138469.96344959986
6.488705340713811,1.485430401916224,26,0.0005,0.0025,0.03792391300236121,0.18961956501180605,2.9581282556205584,32.539410811826144,8.057845526722236,88.6363007939446,40289.22763361118
6.7598495939450345,1.3809056828235176,25,0.0005,0.0025,0.03771679266815624,0.18858396334078117,9.666411692439866,106.33052861683852,28.121047162168637,309.331518783855,140605.2358108432
5.8982225997611,1.268398430206427,27,0.0005,0.0025,0.04789504508462153,0.23947522542310767,9.212674390019236,101.33941829021161,39.319518824874656,432.5147070736213,196597.59412437334
5.464615652358985,1.2527461533179882,29,0.0005,0.0025,0.05594376254735454,0.2797188127367727,7.652250710870639,84.17475781957704,38.81438147360877,426.95819620969644,194071.90736804385
6.984067109646397,1.2204245630202388,25,0.0005,0.0025,0.04267640533589425,0.21338202667947126,11.022556073756407,121.24811681132049,39.735922582663264,437.09514840929586,198679.6129133163
5.222283254458993,1.2951823728116802,25,0.0005,0.0025,0.04021312706740046,0.2010656353370023,9.183566132220655,101.01922745442721,39.31156659955061,432.4272325950567,196557.83299775305
5.499138890320681,1.4775878271142322,29,0.0005,0.0025,0.04743090870625803,0.23715454353129017,2.192806932103789,24.120876253141677,7.944898524340589,87.39388376774649,39724.49262170295
6.3035512036518995,1.0759248853204306,26,0.0005,0.0025,0.052358054081587876,0.26179027040793934,1.4460702045177736,15.90677224969551,7.728670546461591,85.01537601107752,38643.35273230797
5.3699337310895405,1.4115608456713435,29,0.0005,0.0025,0.04964953055211831,0.24824765276059155,6.791832607511259,74.71015868262386,27.612650623475933,303.73915685823533,138063.2531173797
6.077532648584878,1.4696477349995787,26,0.0005,0.0025,0.03833118099783925,0.1916559049891962,9.455841184303543,104.01425302733898,28.09383171015517,309.0321488117069,140469.15855077587
6.472951092025355,1.2017412621553891,25,0.0005,0.0025,0.04333988935348613,0.21669944676743064,1.968369983337291,21.6520698167102,7.8961198144922635,86.8573179594149,39480.599072461315
6.705689136280354,1.2695595027086581,25,0.0005,0.0025,0.04102472804323969,0.20512364021619847,2.295406558574883,25.249472144323715,7.964185159606171,87.60603675566789,39820.925798030854
6.608050904802262,1.011818073070621,25,0.0005,0.0025,0.05147499804512596,0.2573749902256298,4.864256526237781,53.50682178861558,26.963079553839002,296.593875092229,134815.397769195
6.795797211084775,1.3708972504105983,25,0.0005,0.0025,0.03799214953398865,0.18996074766994325,9.573416662436028,105.3075832867963,28.109169034620272,309.2008593808229,140545.84517310132
5.682860556358441,1.1141162633284043,29,0.0005,0.0025,0.06290486517444824,0.31452432587224116,4.327818473687975,47.60600321056772,26.68887489579081,293.57762385369887,133444.374478954
5.012842517914985,1.4247468980095281,26,0.0005,0.0025,0.03953918651237983,0.19769593256189913,7.231196623990628,79.5431628638969,27.71502510473156,304.86527615204704,138575.12552365774
6.8414018349419194,1.0360745853648035,28,0.0005,0.0025,0.06305852325325534,0.31529261626627664,1.3431724445819544,14.7748968904015,7.681639517002393,84.49803468702633,38408.19758501197
6.889422515608711,1.0993015790705853,26,0.0005,0.0025,0.05124465788629256,0.2562232894314628,8.338006729635065,91.71807402598571,39.05802910254066,429.63832012794717,195290.14551270325
5.124615961396921,1.3598339774781705,25,0.0005,0.0025,0.03830124426654093,0.19150622133270467,6.989690683399631,76.88659751739594,27.660251403556103,304.2627654391171,138301.2570177805
5.998315843150251,1.3786359864292514,28,0.0005,0.0025,0.04738983602375745,0.23694918011878727,2.1545155624238768,23.699671186662645,7.937255757721493,87.30981333493642,39686.278788607466
5.680157837180036,1.3316368194432573,25,0.0005,0.0025,0.03911226587674919,0.19556132938374596,7.4571129245771175,82.0282421703483,27.763230200092433,305.3955322010168,138816.15100046218
6.716711447785844,1.1048998477931127,27,0.0005,0.0025,0.054982358918176946,0.2749117945908847,1.5750874946539177,17.325962441193095,7.7795985716155815,85.5755842877714,38897.99285807791
6.332180328388353,1.2080452273469848,26,0.0005,0.0025,0.04663180819566519,0.2331590409783259,1.8647635382740448,20.512398921014494,7.869890936557805,86.56880030213587,39349.45468278903
5.462839814466836,1.0009047026381568,29,0.0005,0.0025,0.07001998606721462,0.3500999303360731,3.259178773400358,35.85096650740394,25.90559160194221,284.9615076213643,129527.95800971106
5.570924456571427,1.1414582315162218,26,0.0005,0.0025,0.0493520759480657,0.24676037974032847,7.188809700770263,79.07690670847289,38.62551440961527,424.880658505768,193127.57204807634
6.516757895840854,1.2936032198761676,29,0.0005,0.0025,0.05417683896924915,0.27088419484624576,9.90111740156826,108.91229141725087,39.49478050118285,434.4425855130114,197473.90250591427
5.49729096983564,1.1518314849934606,28,0.0005,0.0025,0.05672126017088712,0.28360630085443556,6.665298305765963,73.3182813634256,38.38329602626908,422.2162562889599,191916.48013134542
5.698855132721299,1.0099855867017697,28,0.0005,0.0025,0.06468739177426011,0.32343695887130053,5.185191885473346,57.037110740206806,37.46244805329633,412.0869285862596,187312.24026648165
6.177647009807483,1.29615515524364,27,0.0005,0.0025,0.04686938886462304,0.2343469443231152,7.094434267878097,78.03877694665907,27.68443854517277,304.5288239969005,138422.19272586386
6.223396084281918,1.4473289923015316,29,0.0005,0.0025,0.04842253123243758,0.24211265616218794,2.391789787107703,26.30968765818474,7.98087113079995,87.78958243879944,39904.355653999744
5.5615671650649885,1.4510443816925185,25,0.0005,0.0025,0.035893687326491425,0.17946843663245712,8.741044563249254,96.15149019574179,27.99213498080482,307.91348478885305,139960.67490402414
6.629230608451076,1.4352596861412414,27,0.0005,0.0025,0.04232683505751426,0.21163417528757128,9.473626931227065,104.20989624349771,28.09617515554472,309.0579267109919,140480.87577772362
6.855702593735595,1.3919732808315937,29,0.0005,0.0025,0.050348188645879824,0.2517409432293991,12.197440791323553,134.1718487045591,39.94332448090891,439.37656928999814,199716.6224045446
6.165365466111889,1.485497022784017,27,0.0005,0.0025,0.04089540340252349,0.20447701701261745,9.436678773324752,103.80346650657228,28.091297430236914,309.00427173260607,140456.48715118458
5.3306619078743385,1.294581593419616,25,0.0005,0.0025,0.040231788863733235,0.20115894431866616,9.37789851238979,103.15688363628769,39.36378053587193,433.00158589459124,196818.90267935966
5.578071342978383,1.3608485482927466,27,0.0005,0.0025,0.04464126450824668,0.2232063225412334,2.0169260919944914,22.186187011939406,7.907539213265756,86.98293134592332,39537.69606632878
5.030517660360208,1.3036196175939034,28,0.0005,0.0025,0.05011686879484014,0.2505843439742007,5.5446570685651855,60.991227754217036,27.24015210924696,299.64167320171657,136200.76054623481
5.929671685241399,1.248116233318901,28,0.0005,0.0025,0.05234555211224489,0.26172776056122443,6.026414407995129,66.29055848794643,27.40107312115522,301.4118043327075,137005.36560577614
6.814901163374172,1.0613075871226434,26,0.0005,0.0025,0.05307917706125239,0.2653958853062619,5.34698710302185,58.816858133240345,27.166372044791462,298.830092492706,135831.86022395728
5.420950202549033,1.44462918171829,29,0.0005,0.0025,0.04851302619401187,0.24256513097005938,10.29511374723106,113.24625121954166,39.58514331768466,435.4365764945313,197925.71658842333
5.673338055788907,1.4583862632075266,29,0.0005,0.0025,0.048055398697457806,0.24027699348728906,11.022435879212127,121.2467946713334,39.73589922484892,437.0948914733381,198679.4961242446
5.325861169816825,1.324106851837135,27,0.0005,0.0025,0.045879983111417534,0.2293999155570877,9.055407022048172,99.6094772425299,39.27598556337255,432.03584119709814,196379.9278168628
6.235036429684724,1.1457036416360595,28,0.0005,0.0025,0.05702463617907126,0.28512318089535627,1.5112588333152175,16.623847166467396,7.755406394841313,85.30947034325446,38777.03197420657
5.99113296113711,1.065482533686292,29,0.0005,0.0025,0.06577614472089302,0.32888072360446513,5.938874707359536,65.3276217809549,37.983221180525376,417.8154329857792,189916.10590262688
6.180624191396749,1.0064551487341449,29,0.0005,0.0025,0.06963383656140036,0.3481691828070018,5.416745753523756,59.58420328876132,37.6362651243262,413.99891636758827,188181.32562163103
5.272759134150273,1.0680382624510723,27,0.0005,0.0025,0.05687998467450318,0.2843999233725159,5.609387670389797,61.70326437428777,37.77103825741766,415.4814208315943,188855.1912870883
5.160057935900969,1.4206161253406995,26,0.0005,0.0025,0.03965415591761158,0.1982707795880579,2.1173573771203906,23.290931148324297,7.9295896876778125,87.22548656445595,39647.94843838907
5.901718477787445,1.2762754810649917,28,0.0005,0.0025,0.05119062013070701,0.25595310065353505,1.7970283176781647,19.767311494459815,7.851214997742007,86.36336497516209,39256.07498871004
6.32872918883348,1.417374067970465,28,0.0005,0.0025,0.04609463006959342,0.2304731503479671,2.41721028659993,26.589313152599228,7.98506115163103,87.83567266794134,39925.305758155155
5.740495191106071,1.2640862428100013,26,0.0005,0.0025,0.044564469911568,0.22282234955783997,9.250374854850724,101.75412340335798,39.32974873965499,432.62723613620494,196648.74369827498
5.344921129695093,1.4953883184038488,25,0.0005,0.0025,0.03482930332699547,0.17414651663497738,12.758463356133502,140.34309691746853,40.02951883443488,440.3247071787837,200147.5941721744
6.726026934815227,1.2605675299299217,25,0.0005,0.0025,0.041317368642859446,0.20658684321429724,2.2684722084970868,24.95319429346796,7.959282071895479,87.5521027908503,39796.41035947741
5.004653629071948,1.4262345053433871,29,0.0005,0.0025,0.04913871671928154,0.24569358359640772,1.8402210221390842,20.24243124352993,7.863272759501444,86.4960003545159,39316.36379750723
5.568582295484148,1.3237279495171754,25,0.0005,0.0025,0.03934594971144224,0.19672974855721118,7.210311684403849,79.31342852844234,27.710424991992188,304.8146749119141,138552.12495996096
5.161096456150536,1.223690575824055,26,0.0005,0.0025,0.0460356028282701,0.23017801414135047,7.694763950177016,84.64240345194717,38.8306537411455,427.13719115260045,194153.26870572747
6.5289358947951275,1.1907512207980395,27,0.0005,0.0025,0.05101821349323114,0.25509106746615573,1.7944243363201904,19.738667699522093,7.85047072628051,86.3551779890856,39252.35363140255
5.112043412238858,1.4403218796670483,26,0.0005,0.0025,0.03911162784415635,0.19555813922078175,2.158560637741311,23.744167015154417,7.938075239512175,87.31882763463392,39690.37619756087
6.426085032722927,1.0599203786649423,28,0.0005,0.0025,0.061639850170279856,0.30819925085139926,1.3182440325868587,14.500684358455448,7.6692368781079745,84.36160565918773,38346.18439053987
5.390533139189842,1.1246480314289937,28,0.0005,0.0025,0.058092248870359804,0.290461244351799,6.1900809358067015,68.09089029387371,38.13121492082742,419.44336412910155,190656.07460413707
6.174205279610889,1.2952850232274575,27,0.0005,0.0025,0.04690087425594516,0.23450437127972584,2.0228943903428056,22.251838293770863,7.9089072134749445,86.9979793482244,39544.53606737473
6.003581896075579,1.3530819355547168,25,0.0005,0.0025,0.03849237209125918,0.1924618604562959,11.68248293907714,128.50731232984856,39.857292324348805,438.4302155678369,199286.46162174403
5.885276159405207,1.0592620772064025,29,0.0005,0.0025,0.06616241140074086,0.3308120570037043,1.1495483273363156,12.645031600699472,7.57256126732938,83.2981739406232,37862.806336646914
6.689901302234481,1.3535916306143938,25,0.0005,0.0025,0.038477877784818135,0.1923893889240907,13.10013850385549,144.1015235424104,40.07856133716091,440.8641747087701,200392.8066858046
6.601711298971361,1.140656404548955,29,0.0005,0.0025,0.061441230728061444,0.30720615364030723,1.5330468306870224,16.863515137557247,7.763873736091318,85.40261109700451,38819.368680456595
5.8435512282674615,1.006665985436248,25,0.0005,0.0025,0.051738445608413536,0.25869222804206765,6.004278661333268,66.04706527466595,38.02283222147747,418.2511544362522,190114.16110738736
6.346713325350766,1.4707506416037979,25,0.0005,0.0025,0.03541275581327535,0.17706377906637674,10.323609313874941,113.55970245262435,28.19913932928807,310.1905326221687,140995.6966464403
5.710716386021039,1.3828078575106844,29,0.0005,0.0025,0.0506819027333968,0.25340951366698405,1.9830401577921437,21.81344173571358,7.899625381399181,86.89587919539099,39498.12690699591
5.3511305755589245,1.2004271769073804,27,0.0005,0.0025,0.05060698488725335,0.25303492443626674,7.36866765679111,81.05534422470221,38.70141161374529,425.7155277511983,193507.0580687265
6.627067388091947,1.1031757153296216,25,0.0005,0.0025,0.04721218261931299,0.23606091309656496,1.6809777637396888,18.49075540113658,7.815962437714717,85.97558681486187,39079.812188573575
6.74309322972186,1.4348023237778118,26,0.0005,0.0025,0.03926208676956179,0.19631043384780894,2.864300244246775,31.507302686714524,8.04710818566661,88.51819004233272,40235.54092833305
6.603756289547567,1.4366139012910208,25,0.0005,0.0025,0.036254231764378975,0.1812711588218949,14.636687867341264,161.0035665407539,40.271973531954345,442.9917088514978,201359.8676597717
5.699048297072111,1.4337413956234026,26,0.0005,0.0025,0.039291139605297606,0.19645569802648802,11.988158731303843,131.86974604434226,39.909207616441826,439.0012837808601,199546.03808220912
5.2746862423797545,1.0203975781003778,25,0.0005,0.0025,0.05104219615092994,0.2552109807546497,1.1046131333267923,12.150744466594716,7.542338169308652,82.96571986239519,37711.69084654327
5.701429034589222,1.0945996278291208,25,0.0005,0.0025,0.04758208573177418,0.23791042865887088,4.9159966657892,54.0759633236812,26.986622378572562,296.85284616429817,134933.1118928628
5.533775419955532,1.4449732547351766,29,0.0005,0.0025,0.048501474406997,0.242507372034985,2.105553506340696,23.16108856974766,7.927101001683336,87.19811101851668,39635.50500841667
5.467327182823922,1.114848632431801,29,0.0005,0.0025,0.06286354155582692,0.3143177077791346,5.932908412130596,65.26199253343655,37.97956846585081,417.77525312435887,189897.84232925402
5.66067291365844,1.0980758060803757,27,0.0005,0.0025,0.05532404927201655,0.27662024636008276,4.5151562590157015,49.666718849172725,26.791381046731566,294.70519151404727,133956.90523365786
6.921487778609432,1.0091533693977648,29,0.0005,0.0025,0.06944765330879007,0.3472382665439504,1.2355343896454856,13.590878286100342,7.624832178773779,83.8731539665116,38124.1608938689
5.748543051958018,1.0167135763488309,28,0.0005,0.0025,0.06425933011335899,0.3212966505667949,1.0628523964073957,11.691376360481353,7.512201225598881,82.63421348158768,37561.0061279944
6.613152029397035,1.0021638560468327,28,0.0005,0.0025,0.06519226665292967,0.3259613332646483,1.2027516993557321,13.230268692913052,7.6057017654468835,83.66271941991572,38028.508827234415
6.5967264454767855,1.0877791695947756,28,0.0005,0.0025,0.06006121017896639,0.3003060508948319,7.177621451038039,78.95383596141843,38.62067759125363,424.8274535037899,193103.38795626812
6.487611919807021,1.2399062685037565,27,0.0005,0.0025,0.048995639060127834,0.24497819530063916,6.800640972961012,74.80705070257113,27.614825075831963,303.76307583415166,138074.12537915984
5.396232596603886,1.262438784262364,25,0.0005,0.0025,0.04125612582772901,0.20628062913864503,6.302968733255166,69.33265606580683,27.48306106266143,302.3136716892758,137415.30531330718
5.84788588122624,1.2546225028377647,27,0.0005,0.0025,0.048420939256702926,0.24210469628351464,1.7835817804846763,19.61939958533144,7.84734987407345,86.32084861480796,39236.74937036726
6.9603963081845315,1.1931988982035342,27,0.0005,0.0025,0.05091355690276321,0.25456778451381606,6.754063018118257,74.29469319930081,27.603266369476625,303.63593006424287,138016.33184738312
6.54979024335763,1.2165052959897302,29,0.0005,0.0025,0.0576103807886135,0.2880519039430675,1.7461307379893816,19.2074381178832,7.836292073437246,86.19921280780972,39181.460367186235
6.770608153115088,1.3788286465541892,26,0.0005,0.0025,0.04085593483578627,0.20427967417893134,2.646836232927626,29.115198562203883,8.019428189543998,88.21371008498396,40097.14094771998
5.265201132201041,1.1394653824485388,27,0.0005,0.0025,0.05331447618834847,0.26657238094174235,1.2922777433498855,14.215055176848743,7.655854138965646,84.21439552862212,38279.270694828236
5.815670482411968,1.4254056597279916,28,0.0005,0.0025,0.04583490523378504,0.2291745261689252,2.2376252375158274,24.613877612674102,7.953529441152744,87.48882385268018,39767.64720576372
6.349793975645548,1.0669983347155763,29,0.0005,0.0025,0.0656827016998251,0.3284135084991255,1.270364549296049,13.974010042256538,7.644172961865089,84.08590258051598,38220.86480932544
5.961771708377008,1.4890306606419468,26,0.0005,0.0025,0.03783221851794984,0.18916109258974917,13.60727803539044,149.68005838929486,40.1470134227088,441.6171476497968,200735.06711354398
6.914242408316727,1.0214868265779524,25,0.0005,0.0025,0.05098776800462116,0.2549388400231058,5.216587826874857,57.38246609562342,27.114877667294333,298.2636543402376,135574.38833647166
6.373611699061452,1.1807553142986242,28,0.0005,0.0025,0.055331813917891805,0.276659069589459,5.780556235733095,63.58611859306404,27.322063842388932,300.5427022662782,136610.31921194462
5.552069614269955,1.343428055727133,25,0.0005,0.0025,0.038768978443838684,0.1938448922191934,2.1189538735339086,23.308492608872996,7.929924277735941,87.22916705509535,39649.621388679705
6.601673794721394,1.3249317346726555,25,0.0005,0.0025,0.0393102014015849,0.1965510070079245,12.351489326826567,135.86638259509223,39.96773428333006,439.6450771166307,199838.67141665032
6.375928281382477,1.4745815946549978,26,0.0005,0.0025,0.0382029272151016,0.191014636075508,10.011511360915678,110.12662497007246,28.16327854551581,309.7960640006739,140816.39272757902
5.689542460838028,1.2950102364160574,29,0.0005,0.0025,0.05411797633915934,0.2705898816957967,8.58458886031163,94.43047746342793,39.13677287084904,430.5045015793396,195683.86435424528
5.80655270259288,1.2945347377836949,25,0.0005,0.0025,0.040233245051811035,0.20116622525905517,7.189267757778377,79.08194533556215,27.70576438585107,304.7634082443618,138528.82192925535
5.476312951469309,1.0448096789495984,29,0.0005,0.0025,0.0670776072861344,0.33538803643067205,3.600734965640656,39.608084622047215,26.200994748741902,288.2109422361609,131004.97374370952
5.755441127465756,1.448539706504869,29,0.0005,0.0025,0.04838205885459292,0.24191029427296462,11.031980050483355,121.3517805553169,39.73775247702882,437.115277247317,198688.76238514407
5.49964546538448,1.0199137000276919,29,0.0005,0.0025,0.06871496414983981,0.3435748207491991,3.426883255676392,37.69571581244032,26.05715652822353,286.62872181045884,130285.78264111766
5.4252099947366075,1.095986465995507,29,0.0005,0.0025,0.06394543683500252,0.3197271841750126,1.1327860809521808,12.460646890473988,7.561539503477753,83.17693453825527,37807.69751738876
6.095738457836144,1.2992974265076305,27,0.0005,0.0025,0.04675603811768438,0.23378019058842192,7.030630203169167,77.33693223486084,27.669785805356003,304.36764385891604,138348.92902678
5.393580342980465,1.0307451334247681,25,0.0005,0.0025,0.05052978825161223,0.25264894125806114,1.1579853684773944,12.737839053251339,7.578000006814047,83.35800007495453,37890.00003407024
6.420277892788125,1.062672579716113,27,0.0005,0.0025,0.05716718503852713,0.2858359251926356,4.823510920665778,53.05862012732356,26.94421367478487,296.3863504226336,134721.06837392435
5.695099246112775,1.3358448901426523,26,0.0005,0.0025,0.042170564673356364,0.2108528233667818,10.31650915075339,113.4816006582873,39.589864098055216,435.4885050786074,197949.32049027606
6.691098572568953,1.4920758648573762,25,0.0005,0.0025,0.03490662543376228,0.1745331271688114,11.239090466247047,123.62999512871751,28.293273375715586,311.2260071328715,141466.36687857794
5.559477593445211,1.314911610202596,28,0.0005,0.0025,0.049686482974522564,0.2484324148726128,8.984250984855606,98.82676083341168,39.25582075709946,431.814028328094,196279.10378549728
6.242518643722742,1.048703789405358,29,0.0005,0.0025,0.06682853065027293,0.33414265325136466,4.200428976442561,46.204718740868174,26.614442913400286,292.75887204740314,133072.2145670014
6.69115178869397,1.4120829610145167,26,0.0005,0.0025,0.03989378449327115,0.19946892246635572,9.618192953013795,105.80012248315175,28.114915667544448,309.264072342989,140574.57833772228
5.325632964128193,1.4241073323153726,29,0.0005,0.0025,0.04921211466511373,0.24606057332556866,6.860232668178304,75.46255934996134,27.629398169868413,303.92337986855256,138146.99084934208
6.570349184545033,1.0823060515422729,26,0.0005,0.0025,0.052049356328608735,0.26024678164304366,7.660405415507114,84.26445957057825,38.81751568796865,426.9926725676552,194087.57843984326
5.556608316591413,1.3376679122381532,26,0.0005,0.0025,0.04211309310625369,0.21056546553126843,7.055670818997634,77.61237900897399,27.675566176830817,304.431227945139,138377.8308841541
5.107581207510233,1.1691551540926688,27,0.0005,0.0025,0.051960597177664984,0.25980298588832496,1.3224420783930952,14.546862862324046,7.671355434141764,84.3849097755594,38356.77717070882
5.723105097791913,1.2464733880583536,29,0.0005,0.0025,0.05622529450267925,0.28112647251339623,1.5914602339472415,17.506062573419655,7.785514274636472,85.64065702100119,38927.571373182356
5.440419974807299,1.057591026747901,25,0.0005,0.0025,0.04924713997762435,0.24623569988812175,6.1872711609671684,68.05998277063885,38.12961992276563,419.4258191504219,190648.09961382812
6.377417207207598,1.1723596913458543,26,0.0005,0.0025,0.04805123696180937,0.24025618480904684,8.81150518879447,96.92655707673919,39.20560168386425,431.2616185225068,196028.00841932127
5.272491779928054,1.106648525931905,28,0.0005,0.0025,0.05903711232824926,0.29518556164124626,5.82902325422214,64.11925579644354,37.914885363143,417.06373899457304,189574.426815715
6.140115952882842,1.495896886424641,28,0.0005,0.0025,0.04367502461315179,0.21837512306575896,2.622347834316461,28.845826177481072,8.016036726278372,88.17640398906211,40080.18363139187
5.0150939071421305,1.3252810156971997,27,0.0005,0.0025,0.04583933466219678,0.2291966733109839,1.7013101101546022,18.71441121170062,7.822462372418948,86.04708609660842,39112.311862094735
5.991524114861352,1.4697015605176178,28,0.0005,0.0025,0.044453469390291336,0.22226734695145667,8.619648549822884,94.81613404805174,27.97326933045777,307.7059626350355,139866.3466522889
5.376654382863766,1.3884824263158084,26,0.0005,0.0025,0.04057187348262512,0.20285936741312557,2.106973935093568,23.176713286029248,7.927401872645422,87.20142059909966,39637.009363227124
6.6031003865925655,1.0663522157060126,25,0.0005,0.0025,0.04884252366733246,0.2442126183366623,7.781399511183635,85.59539462301998,38.86330490058343,427.4963539064177,194316.52450291713
5.651317292664042,1.3784534005765112,25,0.0005,0.0025,0.037783891215728074,0.18891945607864036,2.279761125069897,25.077372375768867,7.96135045553172,87.5748550108489,39806.7522776586
5.429593977089731,1.018080861670636,26,0.0005,0.0025,0.055332867411820565,0.2766643370591028,1.0865138253773046,11.95165207915035,7.529531639294409,82.82484803223849,37647.658196472046
5.468092911119655,1.4120133556136918,26,0.0005,0.0025,0.03989575106309787,0.1994787553154893,11.112768867794554,122.24045754574009,39.75331905653205,437.2865096218526,198766.59528266024
6.597170283967683,1.2493084690204115,27,0.0005,0.0025,0.04862690160712218,0.2431345080356109,7.03499329594379,77.3849262553817,27.670795767158964,304.3787534387486,138353.97883579484
5.87827904248655,1.1453894891755945,28,0.0005,0.0025,0.05704027664891325,0.28520138324456623,1.4167540745756764,15.58429482033244,7.7159103970740075,84.87501436781407,38579.55198537003
5.55627646787031,1.4959984928199728,29,0.0005,0.0025,0.046847195147386486,0.23423597573693244,11.378172796119214,125.15990075731136,39.802983154937,437.8328147043071,199014.91577468504
5.306641536993256,1.229814317414093,25,0.0005,0.0025,0.04235056674478141,0.21175283372390705,8.361069189913534,91.97176108904887,39.06557702002154,429.7213472202369,195327.8851001077
6.748158712972903,1.2905492487214327,26,0.0005,0.0025,0.04365066531877311,0.21825332659386554,11.475683154151021,126.23251469566124,39.820682818094994,438.027510999045,199103.41409047498
5.3874369452023725,1.4633429567356004,27,0.0005,0.0025,0.041514533363744076,0.20757266681872039,7.935020615773547,87.28522677350901,27.856634070492447,306.4229747754169,139283.1703524622
6.4516020821865725,1.4802383573712443,28,0.0005,0.0025,0.044137035773994415,0.22068517886997205,9.455667970986509,104.0123476808516,28.093808846192967,309.0318973081227,140469.04423096488
6.8478304197005775,1.1792260082608146,25,0.0005,0.0025,0.04416738858240467,0.22083694291202333,10.03706025094841,110.40766276043252,39.52671330361147,434.79384633972614,197633.56651805734
6.888799118250949,1.3403517442076356,26,0.0005,0.0025,0.042028768624936916,0.21014384312468457,2.539995971079909,27.939955681879002,8.004174468752199,88.0459191562742,40020.872343760995
6.550495759973172,1.157996201784466,27,0.0005,0.0025,0.05246131196836792,0.2623065598418396,5.936845235913957,65.30529759505352,27.372994568301742,301.1029402513191,136864.9728415087
5.747975656372187,1.1096390260962736,26,0.0005,0.0025,0.050767260350886204,0.253836301754431,6.993852210750783,76.93237431825861,38.53919977144524,423.9311974858976,192695.9988572262
6.2859602693006185,1.3655090187339427,26,0.0005,0.0025,0.04125445717346037,0.20627228586730184,8.396120636012897,92.35732699614185,27.937175725462552,307.308932980088,139685.87862731272
6.363840032391924,1.2564057899409151,29,0.0005,0.0025,0.055780810542610706,0.2789040527130536,1.8142455697997004,19.956701267796703,7.856085759993249,86.41694335992572,39280.428799966234
6.483199803872122,1.2150897685959108,29,0.0005,0.0025,0.057677494407938006,0.28838747203969006,1.7227920029021782,18.95071203192396,7.8291744453258385,86.12091889858422,39145.872226629195
5.353411726144431,1.093324470145,25,0.0005,0.0025,0.047637581299562325,0.2381879064978116,1.3078221646938055,14.38604381163186,7.663923809972777,84.30316190970053,38319.61904986388
5.494843386726437,1.4325841308742684,25,0.0005,0.0025,0.03635621267251386,0.1817810633625693,12.002254151833284,132.02479567016613,39.91154094197351,439.02695036170866,199557.70470986757
5.166680915529206,1.4028322977909113,29,0.0005,0.0025,0.04995845436670939,0.249792271833547,1.8378110110236066,20.215921121259676,7.862613950536199,86.48875345589819,39313.069752680996
6.0712208607023275,1.1265912060073597,27,0.0005,0.0025,0.053923729988358475,0.26961864994179235,7.362990319645776,80.99289351610355,38.69906808762782,425.689748963906,193495.3404381391
5.6131098993673545,1.1465273131655669,26,0.0005,0.0025,0.04913387817844196,0.2456693908922098,7.31811080966855,80.49921890635405,38.68042457962084,425.4846703758292,193402.12289810416
6.061664918528711,1.276449970797725,26,0.0005,0.0025,0.04413281728396099,0.22066408641980492,7.005669706525857,77.06236677178443,27.66398523299766,304.3038375629743,138319.9261649883
6.815603086373741,1.0764395546199452,29,0.0005,0.0025,0.0651066128446733,0.32553306422336653,4.897915338735703,53.87706872609274,26.978446886101217,296.7629157471134,134892.2344305061
6.5599847574245915,1.3654882408520967,29,0.0005,0.0025,0.05132474322122297,0.25662371610611484,11.18165370631437,122.99819076945806,39.766423731496154,437.4306610464577,198832.11865748078
6.108983437374788,1.1413433195244562,29,0.0005,0.0025,0.06140425245800163,0.30702126229000815,1.4110999399186923,15.522099339105617,7.71339337190637,84.84732709097008,38566.96685953186
6.858712822415287,1.0487771444629144,28,0.0005,0.0025,0.06229477222903343,0.3114738611451671,6.916083676449159,76.07692044094075,38.503524162338024,423.5387657857182,192517.6208116901
6.300924696958781,1.0455011853135023,27,0.0005,0.0025,0.05810610342042185,0.29053051710210925,6.5144123742190025,71.65853611640902,38.30689237806592,421.3758161587251,191534.46189032958
6.120864063873974,1.1021033649352012,29,0.0005,0.0025,0.06359052659044727,0.3179526329522364,1.310037319166854,14.410410510835394,7.6650595511359185,84.31565506249513,38325.297755679596
6.199647490906779,1.031468409866182,28,0.0005,0.0025,0.0633401204616721,0.3167006023083605,5.967928540234794,65.64721394258274,38.00091422188188,418.0100564407006,190004.57110940936
5.442314204256802,1.0576374726966407,26,0.0005,0.0025,0.053263367446409755,0.26631683723204874,1.185600222945335,13.041602452398687,7.595311822623626,83.54843004885988,37976.55911311813
6.890342691695183,1.0827423306859294,28,0.0005,0.0025,0.060340610579013694,0.30170305289506844,1.4899435420935332,16.389378963028864,7.746901749390069,85.21591924329076,38734.50874695034
5.247888990785098,1.4417977900847292,26,0.0005,0.0025,0.039071590843555694,0.19535795421777846,2.224067401615375,24.464741417769126,7.950953267293271,87.46048594022601,39754.76633646637
6.920851054439671,1.175668234474616,25,0.0005,0.0025,0.044301046678026805,0.22150523339013403,10.085843476870167,110.94427824557184,39.53797484620186,434.9177233082205,197689.87423100934
5.882616463865864,1.0608374192653098,25,0.0005,0.0025,0.049096433051356726,0.24548216525678365,6.786529915103469,74.65182906613816,38.44243075600714,422.8667383160785,192212.15378003567
6.2682004516096,1.0698240415803113,26,0.0005,0.0025,0.05265663430980618,0.2632831715490309,1.4195824648645912,15.615407113510503,7.7171625865956,84.88878845255162,38585.812932978006
6.6365201768563296,1.2385951324583853,27,0.0005,0.0025,0.049047504231202924,0.24523752115601463,9.930241740938657,109.23265915032523,39.50169098480612,434.5186008328674,197508.4549240306
5.8106559428820646,1.242672161125875,29,0.0005,0.0025,0.05639728282786752,0.2819864141393376,5.624888144569876,61.87376959026865,27.2687260020092,299.9559860221013,136343.63001004604
6.491094856067003,1.3310844496801386,28,0.0005,0.0025,0.049082786106496114,0.24541393053248056,10.872785456279516,119.60064001907469,39.706438425472236,436.77082268019456,198532.19212736117
5.187527175769127,1.1373580361492288,27,0.0005,0.0025,0.05341325956220632,0.26706629781103164,6.330991202858048,69.64090323143853,38.209552146906304,420.30507361596943,191047.76073453153
6.754650300466965,1.2928055364036055,26,0.0005,0.0025,0.04357448335968948,0.21787241679844738,11.529726708521494,126.82699379373645,39.83037028846936,438.134073173163,199151.85144234684
5.715811454142969,1.3206733200081449,26,0.0005,0.0025,0.04265500974380698,0.21327504871903488,7.075757318192809,77.8333305001209,27.68017509882387,304.4819260870625,138400.8754941193
6.249332070617546,1.314386982260352,26,0.0005,0.0025,0.042859016479649605,0.214295082398248,7.6992148501940605,84.69136335213467,27.811918322049472,305.9311015425442,139059.59161024736
6.752285578607647,1.0720459514915963,25,0.0005,0.0025,0.048583116480097645,0.24291558240048822,8.063473540543884,88.69820894598273,38.96510302609502,428.6161332870452,194825.51513047508
5.072032405536403,1.4905431015340547,25,0.0005,0.0025,0.034942520803141884,0.17471260401570943,11.99282064945627,131.92102714401898,39.909979917151254,439.0097790886639,199549.89958575633
5.132669615629373,1.0687711589548021,29,0.0005,0.0025,0.06557375051350645,0.32786875256753223,1.0065380603481466,11.071918663829614,7.468041057424903,82.14845163167395,37340.205287124525
6.8501288706309,1.0306189639326395,28,0.0005,0.0025,0.06339232599023228,0.3169616299511614,6.647994392404311,73.12793831644741,38.374694761936794,422.1216423813048,191873.47380968402
5.8941609718910755,1.457972524106925,26,0.0005,0.0025,0.03863813096741318,0.19319065483706588,12.864857345071261,141.51343079578388,40.045056437584265,440.49562081342697,200225.28218792134
6.061772345564814,1.251753788418858,29,0.0005,0.0025,0.055988113622454844,0.27994056811227425,1.7085100114258123,18.793610125683937,7.824729517671566,86.07202469438722,39123.647588357824
6.319123808248014,1.4865720551254782,25,0.0005,0.0025,0.03503586197100759,0.17517930985503793,15.012318245757891,165.13550070333682,40.31347507858252,443.44822586440785,201567.37539291265
5.459921423638705,1.1803625974151752,27,0.0005,0.0025,0.05146723568929902,0.2573361784464951,5.082536516843363,55.907901685277,27.05940603587397,297.65346639461364,135297.03017936985
6.379276103682946,1.411477934568147,29,0.0005,0.0025,0.04965244699682528,0.2482622349841264,2.3285892342048995,25.614481576253894,7.97007771673094,87.67085488404034,39850.3885836547
5.960896255118285,1.3530126989657862,28,0.0005,0.0025,0.048287302390637374,0.24143651195318686,7.198961598571084,79.18857758428193,27.70791447437229,304.7870592180953,138539.57237186152
6.182540999690527,1.0697802336712794,27,0.0005,0.0025,0.0567873644398137,0.2839368221990685,4.696646137610375,51.66310751371413,26.88355635630709,295.71911991937804,134417.78178153545
6.837863640761714,1.181845260293621,27,0.0005,0.0025,0.051402668387320945,0.25701334193660474,9.276532825194964,102.04186107714462,39.3368008684122,432.70480955253413,196684.00434206097
5.596586318850511,1.3643551737754385,28,0.0005,0.0025,0.04788586915571492,0.23942934577857455,1.9579610923658302,21.537572016024132,7.893602580117669,86.82962838129437,39468.01290058835
5.008537548580736,1.366570442792023,27,0.0005,0.0025,0.04445434944127902,0.22227174720639511,1.8143800292758911,19.958180322034806,7.856123458365694,86.41735804202266,39280.61729182848
5.115705588834797,1.3214601262667995,27,0.0005,0.0025,0.04597187519507095,0.22985937597535475,6.045309190692771,66.4984010976205,27.40689727492894,301.4758700242184,137034.48637464474
6.9310045888476,1.4290376928439867,26,0.0005,0.0025,0.03942046708454698,0.1971023354227349,2.922975611209759,32.15273172330735,8.053900208941384,88.59290229835524,40269.50104470693
5.546438335140747,1.2107319840949247,28,0.0005,0.0025,0.053961846380206825,0.2698092319010341,7.5023239922892415,82.52556391518166,38.75563759950002,426.31201359450023,193778.18799750012
5.663878739569242,1.4458831216580779,25,0.0005,0.0025,0.03602181431760982,0.1801090715880491,12.633629616396242,138.96992578035866,40.010970457039406,440.1206750274335,200054.85228519706
6.840339656980706,1.3810769940672172,28,0.0005,0.0025,0.04730607606526646,0.2365303803263323,2.483807879237752,27.321886671615275,7.995651230228107,87.95216353250918,39978.25615114054
5.607030680534017,1.014728907041595,28,0.0005,0.0025,0.0643850124697938,0.321925062348969,3.6017615380873766,39.61937691896114,26.20180734256943,288.21988076826375,131009.03671284714
5.987980316648916,1.2631335117225493,25,0.0005,0.0025,0.04123343482693822,0.20616717413469107,10.072279030930137,110.7950693402315,39.534853818357995,434.88339200193786,197674.26909178993
6.265253347008665,1.0558992130739209,25,0.0005,0.0025,0.04932604616846808,0.2466302308423404,7.195464788801575,79.15011267681733,38.628384924414426,424.9122341685587,193141.92462207214
6.399170392846742,1.4597941099014458,29,0.0005,0.0025,0.048009053371276325,0.24004526685638164,8.77684636634841,96.54531002983249,27.99760389306826,307.97364282375077,139988.01946534126
5.988535529382717,1.1358775701989299,29,0.0005,0.0025,0.061699724664040514,0.3084986233202026,6.832039579324986,75.15243537257486,38.46413343174479,423.1054677491927,192320.66715872395
5.847274856004299,1.2225778052068592,28,0.0005,0.0025,0.053438998364835344,0.2671949918241767,1.6223713773715909,17.8460851510875,7.7963807912879535,85.76018870416749,38981.90395643977
5.543938791109134,1.1197112873216266,27,0.0005,0.0025,0.054255057252584546,0.27127528626292274,4.60608548826488,50.666940370913686,26.838391161232916,295.22230277356215,134191.95580616462
6.190866046430279,1.118529609336516,25,0.0005,0.0025,0.046564107823866975,0.23282053911933487,5.632797900380659,61.960776904187256,27.271502132797917,299.98652346077716,136357.5106639896
5.837701845425121,1.139458397516193,29,0.0005,0.0025,0.06150582898515816,0.3075291449257908,4.68304547364838,51.513500210132186,26.87687521912904,295.6456274104195,134384.37609564522
5.920711183615349,1.3956972522513196,27,0.0005,0.0025,0.04352663151124475,0.21763315755622376,11.332490252621236,124.6573927788336,39.79459178103802,437.7405095914183,198972.9589051901
5.788402471619776,1.1339907624791044,28,0.0005,0.0025,0.057613638042785395,0.28806819021392693,4.770825712102292,52.47908283312522,26.919382144389854,296.11320358828846,134596.9107219493
6.85943977912849,1.3638323414525744,29,0.0005,0.0025,0.0513870592470991,0.2569352962354955,8.183573587615314,90.01930946376844,27.90111964237029,306.9123160660731,139505.5982118514
5.961733468073132,1.0768535905181493,26,0.0005,0.0025,0.05231289919944219,0.2615644959972109,1.3634112223882109,14.99752344627032,7.691403480794709,84.6054382887418,38457.01740397354
5.980188875802382,1.1374460206526886,28,0.0005,0.0025,0.0574386231496452,0.287193115748226,4.976317555695271,54.739493112647985,27.013501711666617,297.1485188283328,135067.5085583331
6.845206741122359,1.3997928147682204,27,0.0005,0.0025,0.043399279778457124,0.2169963988922856,2.656270879784579,29.218979677630372,8.020718885392593,88.22790773931852,40103.59442696296
6.24274172652917,1.2618789217937776,28,0.0005,0.0025,0.05177464509864475,0.2588732254932238,1.862502628008687,20.487528908095555,7.869288088564275,86.56216897420701,39346.44044282137
6.286211118976761,1.0772608326328863,29,0.0005,0.0025,0.06505697711300401,0.32528488556502005,1.283098327590112,14.114081603491233,7.651005136781396,84.16105650459536,38255.025683906984
5.74715477939487,1.4177496192471235,26,0.0005,0.0025,0.0397343314846019,0.1986716574230095,11.812421881449566,129.93664069594524,39.8796726085589,438.6763986941479,199398.3630427945
6.912196740982775,1.240204008087535,25,0.0005,0.0025,0.04199577891515509,0.20997889457577545,7.895614843950966,86.85176328346063,27.849337641971335,306.3427140616847,139246.6882098567
6.937937800672156,1.0773475577414011,26,0.0005,0.0025,0.05228891357161752,0.26144456785808756,1.6088210060904675,17.697031066995144,7.791664968217774,85.70831465039552,38958.32484108887
6.024833716683405,1.4978260425613406,27,0.0005,0.0025,0.040558782043951615,0.20279391021975807,13.389182052423871,147.2810025766626,40.11818254572937,441.3000080030231,200590.91272864686
5.80529839898864,1.2128539030848728,27,0.0005,0.0025,0.05008847301845954,0.2504423650922977,5.759543107222567,63.354974179448234,27.315020333267253,300.46522366593973,136575.10166633624
6.885413853104226,1.052665965130871,25,0.0005,0.0025,0.04947755038974606,0.24738775194873028,1.5834586949826237,17.41804564480886,7.782637365849802,85.60901102434784,38913.18682924901
5.438587726399841,1.4239492346310905,25,0.0005,0.0025,0.03657667848448742,0.18288339242243706,2.344540243778015,25.789942681558166,7.972853943654725,87.70139338020199,39864.26971827363
5.937075301802647,1.2370675851379815,26,0.0005,0.0025,0.04553779761923837,0.2276889880961918,1.831315728316481,20.144473011481296,7.860830297589353,86.46913327348291,39304.15148794677
5.120381467090319,1.2853238727106557,29,0.0005,0.0025,0.054525816271919554,0.2726290813595978,7.539424750297499,82.93367225327249,38.770375127533065,426.4741264028637,193851.87563766533
5.11672756062427,1.126049946224864,28,0.0005,0.0025,0.058019924917510485,0.2900996245875524,5.859907294081397,64.45898023489536,37.93433138414808,417.2776452256288,189671.65692074035
6.375503225140064,1.275741514145554,26,0.0005,0.0025,0.044157325530841084,0.22078662765420543,2.109272764257387,23.20200040683126,7.927887993406655,87.20676792747321,39639.43996703328
5.952460624234143,1.0691028881550309,25,0.0005,0.0025,0.04871685776026144,0.2435842888013072,1.398386182443202,15.382248006875223,7.707665433238525,84.78431976562378,38538.32716619263
6.3852466384015525,1.3559076974152409,26,0.0005,0.0025,0.04154658421124185,0.2077329210562092,12.01415441255985,132.15569853815836,39.913506834761826,439.04857518238,199567.53417380905
6.824757459763045,1.4768223975778159,25,0.0005,0.0025,0.035267161047094694,0.17633580523547346,11.230072569339935,123.53079826273928,28.29241814005983,311.2165995406582,141462.09070029916
6.21415600557251,1.2722393691712388,25,0.0005,0.0025,0.04093831286423829,0.20469156432119145,10.637127912478604,117.00840703726465,39.65845912464268,436.24305037106956,198292.29562321343
5.252820397806181,1.3674389738877522,28,0.0005,0.0025,0.047777878633651044,0.23888939316825522,1.8388297179918613,20.227126897910477,7.862892625022903,86.49181887525195,39314.46312511452
5.168684622928362,1.1412760666141053,27,0.0005,0.0025,0.05322989045080986,0.2661494522540493,4.4474975055865995,48.922472561452594,26.755266607423884,294.30793268166275,133776.33303711942
5.878671989693355,1.1560174768384266,29,0.0005,0.0025,0.060624804328220976,0.3031240216411049,4.870021516645914,53.57023668310506,26.965725456353123,296.6229800198843,134828.6272817656
6.63411998810181,1.2499361454852573,27,0.0005,0.0025,0.0486024827903631,0.2430124139518155,10.12058890481962,111.32647795301583,39.545933450411326,435.0052679545246,197729.66725205662
5.310851377734847,1.4982696756176508,28,0.0005,0.0025,0.043605857074027844,0.21802928537013921,2.2587637397211195,24.846401136932315,7.957487597223591,87.53236356945949,39787.43798611795
6.789588716351414,1.0926067928337142,28,0.0005,0.0025,0.0597958330131639,0.29897916506581945,1.4954592216155271,16.450051437770796,7.749123914319989,85.24036305751987,38745.619571599935
6.629091954996352,1.1090309013849555,29,0.0005,0.0025,0.06319330980391386,0.31596654901956933,5.070975620814111,55.780731828955226,27.05449562124514,297.5994518336966,135272.47810622572
5.241490492081029,1.1323846517369902,29,0.0005,0.0025,0.061890041714916334,0.3094502085745817,5.861329386172724,64.47462324789996,37.935222341496285,417.2874457564592,189676.11170748144
5.509190689111107,1.200847389397563,29,0.0005,0.0025,0.05836156530139312,0.29180782650696563,4.929716513260528,54.22688164586582,26.992789081816777,296.9206798999846,134963.94540908388
5.102928821455333,1.3830389744493925,28,0.0005,0.0025,0.0472389676215332,0.23619483810766598,1.8265643259640176,20.092207585604196,7.85951801023348,86.4546981125683,39297.590051167404
6.906521315610429,1.1232070833099377,28,0.0005,0.0025,0.05816677467952297,0.29083387339761485,1.617036517440926,17.78740169185019,7.794532897295292,85.7398618702482,38972.66448647645
6.399593834605827,1.2183849308086292,29,0.0005,0.0025,0.05752150372281752,0.2876075186140876,8.544323940762624,93.98756334838887,39.12420385848621,430.3662424433483,195621.01929243104
6.567644909791549,1.1530063317806727,28,0.0005,0.0025,0.056663464486300136,0.28331732243150065,8.103137831677664,89.13451614845431,38.97889005230851,428.76779057539363,194894.45026154257
6.487654196797357,1.421784826142574,26,0.0005,0.0025,0.039621560377860104,0.1981078018893005,2.699076777041725,29.68984454745898,8.026466593453646,88.29113252799011,40132.33296726823
6.0997482247082235,1.015500269690518,27,0.0005,0.0025,0.059822731527697244,0.29911365763848624,1.1790478651609755,12.969526516770731,7.591270449342034,83.50397494276238,37956.35224671017
5.037757185243956,1.35022921016744,29,0.0005,0.0025,0.0519047675799003,0.2595238378995015,5.767777137938968,63.44554851732865,27.31778602648096,300.49564629129054,136588.93013240478
5.735129092568907,1.1205677509077718,28,0.0005,0.0025,0.05830377795577894,0.2915188897788947,4.601378030624526,50.61515833686979,26.835999047872875,295.19598952660164,134179.9952393644
6.32668873396654,1.0249270166792213,29,0.0005,0.0025,0.06837885253567066,0.3418942626783533,5.788813020680365,63.676943227484024,37.889286630773796,416.78215293851184,189446.433153869
6.33593426741419,1.2262692586143715,25,0.0005,0.0025,0.042472999276019635,0.21236499638009818,7.029987244859693,77.32985969345663,27.669636874640393,304.36600562104434,138348.18437320198
5.469047459932854,1.3034477900262167,27,0.0005,0.0025,0.04660716022908606,0.2330358011454303,6.30551381430548,69.36065195736029,27.483784362914182,302.3216279920561,137418.92181457096
5.744016021404787,1.0624985428783686,27,0.0005,0.0025,0.057176549000645976,0.2858827450032299,1.2193115697567145,13.412427267323858,7.615481879945215,83.77030067939735,38077.409399726064
5.903052185932121,1.1768076246362433,28,0.0005,0.0025,0.05551742864814304,0.2775871432407152,1.509390415653244,16.603294572185685,7.754669776732446,85.3013675440569,38773.34888366223
5.244694977184939,1.230799367815509,29,0.0005,0.0025,0.05694131404838233,0.28470657024191165,4.93010378615948,54.23114164775427,26.99296269328629,296.9225896261492,134964.81346643146
6.012591972718842,1.1564554728940781,27,0.0005,0.0025,0.05253120541508666,0.2626560270754333,5.39766706463014,59.374337710931535,27.18576460918741,299.0434107010615,135928.82304593702
6.295231157360986,1.0410185972398827,26,0.0005,0.0025,0.054113666636401506,0.2705683331820075,6.719011534243496,73.90912687667846,38.409737209085314,422.50710929993846,192048.68604542656
5.70680835459139,1.2640373190411442,27,0.0005,0.0025,0.04806028990194917,0.24030144950974583,6.179567214863742,67.97523936350117,27.447323626326313,301.92055988958947,137236.61813163158
6.224484722981461,1.245518710037259,29,0.0005,0.0025,0.05626839064604403,0.2813419532302202,1.7390266277320277,19.129292905052306,7.834144391875322,86.17558831062854,39170.721959376606
6.405252423418877,1.1469468854848475,25,0.0005,0.0025,0.04541041437269016,0.2270520718634508,8.80910626923544,96.90016896158983,39.20489134903211,431.2538048393532,196024.45674516057
5.566986425708081,1.3914804745397342,25,0.0005,0.0025,0.03743015750944055,0.18715078754720274,8.011025660414948,88.12128226456443,27.87051507415847,306.5756658157431,139352.57537079233
6.278771955821275,1.3767668832328366,26,0.0005,0.0025,0.04091711822778231,0.2045855911389115,12.188773616911703,134.07650978602874,39.94193368597628,439.3612705457391,199709.66842988142
6.031023472856563,1.1497194502016603,25,0.0005,0.0025,0.045300906516105244,0.22650453258052622,1.6601499172402066,18.261649089642273,7.809150630413801,85.9006569345518,39045.753152069
6.178562579839622,1.3408936363298016,25,0.0005,0.0025,0.0388422555840388,0.19421127792019402,11.814068413735965,129.95475255109562,39.879953202987174,438.6794852328589,199399.76601493586
6.776700235702243,1.4721902715985529,27,0.0005,0.0025,0.041265046490244525,0.20632523245122264,14.60337693769894,160.63714631468835,40.26819435946995,442.9501379541696,201340.9717973498
6.101186002446904,1.3165257162128927,28,0.0005,0.0025,0.049625565629869105,0.24812782814934553,1.9893550152926363,21.882905168218997,7.9011193995456335,86.91231339500196,39505.596997728164
6.875724420496527,1.135765524577547,26,0.0005,0.0025,0.04959943942151859,0.24799719710759294,6.246556441501346,68.7121208565148,27.46688758274937,302.1357634102431,137334.43791374686
6.941929780972847,1.3242368547651489,29,0.0005,0.0025,0.052923563546162206,0.26461781773081106,2.225114840562396,24.47626324618636,7.95115335420104,87.46268689621145,39755.766771005205
6.847699715967361,1.0517634121482504,26,0.0005,0.0025,0.05356084142371072,0.26780420711855357,1.5059227914872446,16.56515070635969,7.7532982050126815,85.2862802551395,38766.491025063406
5.467661840894515,1.482796846513419,27,0.0005,0.0025,0.04096987402073641,0.20484937010368207,11.838877088465011,130.22764797311513,39.88417201127949,438.72589212407433,199420.86005639742
5.9359410937271075,1.373621334837408,29,0.0005,0.0025,0.05102085382332017,0.25510426911660083,2.0371777202025827,22.40895492222841,7.912150455464716,87.03365501011187,39560.752277323576
6.560001784016334,1.2386164977764946,28,0.0005,0.0025,0.05274702335276223,0.2637351167638112,9.436119057149993,103.79730962864993,39.37903089773812,433.16933987511936,196895.1544886906
5.530778739795005,1.1932843820045442,27,0.0005,0.0025,0.05090990958747724,0.2545495479373862,5.277346768747931,58.05081445622724,27.13916350853779,298.5307985939157,135695.81754268892
6.900933529845158,1.4220680612341994,29,0.0005,0.0025,0.04928268571935205,0.24641342859676024,12.846331086723248,141.30964195395575,40.04236853640795,440.46605390048745,200211.84268203974
5.557401808706878,1.0093728756968527,29,0.0005,0.0025,0.06943255066661967,0.3471627533330984,0.9677559348925293,10.645315283817823,7.434984067938262,81.78482474732088,37174.920339691314
6.129457269748732,1.236907995769676,29,0.0005,0.0025,0.056660102103813635,0.2833005105190682,1.685259347343762,18.537852820781378,7.817343325421785,85.99077657963961,39086.716627108915
5.326709755534476,1.1836187030956513,29,0.0005,0.0025,0.059211072915658136,0.2960553645782907,4.603970244922743,50.64367269415016,26.83731684433988,295.21048528773866,134186.58422169936
6.097241999037702,1.0955323554321081,27,0.0005,0.0025,0.05545249275274807,0.27726246376374036,1.3921686438169623,15.313855081986587,7.704829301531693,84.75312231684863,38524.14650765847
6.147012643539086,1.061536250827961,27,0.0005,0.0025,0.05722838005072095,0.28614190025360475,1.3110644631168213,14.421709094285033,7.665584993922316,84.32143493314545,38327.92496961157
6.658507323561475,1.4517822606789585,26,0.0005,0.0025,0.038802880334815354,0.19401440167407677,10.139806450637906,111.53787095701696,28.17827606219805,309.9610366841787,140891.38031099032
6.790395820200822,1.0840141258068594,27,0.0005,0.0025,0.05604170513440701,0.2802085256720351,5.352752120309841,58.880273323408254,27.168595120072116,298.85454632079325,135842.97560036057
5.491752863772769,1.354721050244366,29,0.0005,0.0025,0.05173266726806351,0.2586633363403176,6.372277653856703,70.09505419242373,27.502565283130977,302.5282181144407,137512.82641565485
5.533658354914353,1.2831673968049397,27,0.0005,0.0025,0.04734378394531083,0.23671891972655415,1.7641362812822998,19.4054990941053,7.84166309794114,86.25829407735253,39208.315489705696
5.9830252431017765,1.2974786602400767,27,0.0005,0.0025,0.046821579315038005,0.23410789657519002,6.871988602956726,75.591874632524,27.632245019226712,303.95469521149386,138161.22509613357
6.669081666302948,1.2647538342758056,26,0.0005,0.0025,0.04454094686780661,0.222704734339033,10.860439807892028,119.46483788681232,39.703973739578885,436.7437111353677,198519.8686978944
6.345551581714412,1.1970111081391395,26,0.0005,0.0025,0.047061662962266514,0.23530831481133252,9.163482630147028,100.79830893161731,39.30605232602881,432.36657558631697,196530.2616301441
5.558498163939442,1.0382463654468308,25,0.0005,0.0025,0.05016471529945419,0.25082357649727094,6.082787088095137,66.91065796904651,38.06936016510987,418.7629618162086,190346.80082554935
5.589483763083803,1.4445436151963809,26,0.0005,0.0025,0.03899732257352091,0.19498661286760455,2.3865534496234373,26.25208794585781,7.979997500860727,87.779972509468,39899.98750430363
6.265178769388739,1.0954034001758846,25,0.0005,0.0025,0.04754717150318369,0.23773585751591844,7.791714660995034,85.70886127094538,38.8671477041547,427.53862474570184,194335.73852077356
5.855294213574322,1.0241954108274802,25,0.0005,0.0025,0.05085292589941752,0.2542646294970876,1.2502135862274841,13.752349448502327,7.633102752377119,83.96413027614832,38165.5137618856
6.885028360713346,1.4439600362112137,29,0.0005,0.0025,0.048535507615033446,0.24267753807516726,9.262656807705032,101.88922488475535,28.06782430744043,308.7460673818448,140339.12153720218
6.47168969227223,1.3652101598942639,26,0.0005,0.0025,0.0412634882073368,0.20631744103668398,8.65320652568623,95.18527178254853,27.978534814760994,307.763882962371,139892.67407380498
5.0188210926071255,1.3281064230852984,29,0.0005,0.0025,0.05276936555319422,0.2638468277659711,7.919227239563044,87.1114996351935,38.91388520067108,428.052737207382,194569.42600335545
6.602123965507782,1.3736481875125273,28,0.0005,0.0025,0.047561911359299575,0.23780955679649785,8.280695555522014,91.08765111074214,27.917813307305664,307.09594638036225,139589.0665365283
5.6888852310125335,1.2766740533061158,27,0.0005,0.0025,0.04758458107821637,0.23792290539108185,8.987668929124432,98.86435822036876,39.25679618674025,431.82475805414276,196283.98093370124
6.273651028389544,1.4815761579902702,28,0.0005,0.0025,0.04409718189712013,0.22048590948560062,2.628609149563621,28.914700645199833,8.016909611100527,88.1860057221058,40084.54805550264
6.791928536350838,1.4131456482470883,29,0.0005,0.0025,0.04959385001840891,0.24796925009204454,8.727322556837068,96.00054812520776,27.990027548640192,307.89030303504217,139950.137743201
5.5618478958375555,1.4003844138063735,26,0.0005,0.0025,0.040227049642900664,0.2011352482145033,2.2236362042219544,24.4599982464415,7.950870846015319,87.45957930616852,39754.3542300766
6.564761176325702,1.293920994510388,27,0.0005,0.0025,0.04695031633132086,0.23475158165660429,2.153991477679714,23.693906254476857,7.937149371881178,87.30864309069298,39685.7468594059
5.053581685120992,1.2314686002757633,28,0.0005,0.0025,0.0530531865113761,0.2652659325568805,4.925051373678756,54.17556511046631,26.99069576592022,296.89765342512226,134953.478829601
5.880829713713891,1.1982674857048419,29,0.0005,0.0025,0.058487219397519656,0.2924360969875983,1.5049488813921408,16.55443769531355,7.7529119387741465,85.2820313265156,38764.559693870724
6.785951518048638,1.124122885929122,27,0.0005,0.0025,0.05404213432572211,0.27021067162861057,1.6529268682467813,18.182195550714592,7.806751053127177,85.87426158439892,39033.755265635875
5.692763239197055,1.3300199892706175,26,0.0005,0.0025,0.04235525314489936,0.2117762657244968,2.0433640945061424,22.477005039567565,7.913541906600984,87.04896097261081,39567.70953300491
5.3964039410781055,1.1197009491950527,29,0.0005,0.0025,0.06259111719402925,0.3129555859701463,4.1330048297843724,45.46305312762809,26.573369489739456,292.307064387134,132866.84744869728
6.1244018438927,1.0695211340263975,29,0.0005,0.0025,0.06552776855328935,0.3276388427664468,4.29515649220834,47.24672141429174,26.67017274332839,293.3719001766122,133350.8637166419
5.376375484834298,1.209910546082657,28,0.0005,0.0025,0.053998482404227256,0.2699924120211363,5.06964024389101,55.76604268280112,27.053927100969048,297.59319811065956,135269.63550484527
6.86242732664609,1.0936200128386688,29,0.0005,0.0025,0.0640838065421102,0.32041903271055105,7.296434155520399,80.26077571072439,38.671344198044686,425.3847861784916,193356.72099022346
6.661080410109247,1.054974877738631,26,0.0005,0.0025,0.05339779602532854,0.2669889801266427,1.4711656465301899,16.18282211183209,7.739221384586505,85.13143523045156,38696.10692293253
6.09280380067226,1.0190505396180691,26,0.0005,0.0025,0.05528021539976473,0.2764010769988236,4.3300722652321175,47.630794917553295,26.69015596307502,293.59171559382526,133450.7798153751
6.08883989234274,1.4309298704566484,29,0.0005,0.0025,0.04897747596181484,0.2448873798090742,7.986521713877907,87.85173885265698,27.86606720595185,306.5267392654704,139330.3360297593
5.724729811689514,1.020425761564477,28,0.0005,0.0025,0.06402556246048396,0.32012781230241977,1.066587570648464,11.732463277133103,7.514982716148325,82.66480987763157,37574.913580741624
5.749903209663488,1.0450870269302663,28,0.0005,0.0025,0.06251473001749616,0.3125736500874808,5.652039609393998,62.172435703333974,37.79975975548378,415.79735731032156,188998.79877741888
5.026170636014248,1.1031471875146923,25,0.0005,0.0025,0.0472134035447012,0.23606701772350602,4.35571792787479,47.91289720662269,26.70464828610119,293.7511311471131,133523.24143050594
5.009061346565639,1.1511844800710371,26,0.0005,0.0025,0.04893510493631492,0.24467552468157458,4.564502923878159,50.20953216265975,26.81710510741174,294.9881561815292,134085.5255370587
5.353226171640787,1.122753723735047,25,0.0005,0.0025,0.04638892059076726,0.23194460295383632,6.929881476769116,76.22869624446028,38.50990735221835,423.6089808744019,192549.53676109176
6.749013250133138,1.4376029516467206,26,0.0005,0.0025,0.03918559938180817,0.19592799690904084,2.878619011538179,31.664809126919973,8.04879014055799,88.5366915461379,40243.95070278996
5.17774832258438,1.0700253083112727,29,0.0005,0.0025,0.06549689319399343,0.3274844659699672,3.5670715958404737,39.23778755424521,26.174117461587482,287.9152920774623,130870.58730793743
5.2129642874275826,1.0918365740355394,25,0.0005,0.0025,0.04770249923102321,0.23851249615511605,6.332096858262348,69.65306544088583,38.21015427968625,420.3116970765487,191050.7713984312
6.698026587377158,1.4285386222935574,27,0.0005,0.0025,0.04252597658330318,0.21262988291651588,2.7094044527914223,29.803448980705646,8.027827339056833,88.30610072962516,40139.13669528416
5.056934344164219,1.1049440448265375,28,0.0005,0.0025,0.059128182679684796,0.29564091339842397,3.882181529085303,42.70399681993833,26.409321469081224,290.50253615989345,132046.6073454061
6.901078640467867,1.330806328612195,25,0.0005,0.0025,0.03913667391982379,0.19568336959911894,13.06073474714452,143.66808221858972,40.073030390882906,440.803334299712,200365.15195441456
6.233268209904392,1.1869137054897463,28,0.0005,0.0025,0.0550447206323019,0.27522360316150946,1.630632088114714,17.936952969261853,7.7992199937782924,85.7914199315612,38996.09996889145
6.892751927259353,1.0860015983192266,28,0.0005,0.0025,0.06015951858123216,0.30079759290616076,5.250884565732221,57.75973022305443,27.12865010016307,298.4151511017938,135643.25050081537
5.252090771512423,1.30989891004606,25,0.0005,0.0025,0.03976133801920785,0.19880669009603927,9.465084303050437,104.11592733355481,39.38655255107435,433.25207806181794,196932.76275537178
6.295925702109519,1.4817755136144446,28,0.0005,0.0025,0.044091249135280924,0.22045624567640462,9.236961688915338,101.60657857806872,28.064286862629384,308.70715548892326,140321.43431314692
5.501105609060868,1.3715884237331468,25,0.0005,0.0025,0.037973004461188536,0.18986502230594268,7.673970361676779,84.41367397844458,27.806977198152158,305.8767491796737,139034.88599076078
5.09762097069213,1.09262560506705,25,0.0005,0.0025,0.04766805124444909,0.23834025622224544,6.1879357393271395,68.06729313259854,38.12999729635294,419.4299702598823,190649.98648176467
6.463075348538457,1.3307052683919038,28,0.0005,0.0025,0.049096772129177534,0.24548386064588767,10.816617702905418,118.98279473195961,39.69518215589761,436.64700371487373,198475.91077948807
5.642129124225933,1.3420249203187944,29,0.0005,0.0025,0.05222208043400954,0.2611104021700477,6.428241974799736,70.7106617227971,27.518026932688795,302.69829625957675,137590.13466344398
6.7052955273670145,1.0818951079593244,27,0.0005,0.0025,0.05615146935509019,0.28075734677545094,7.511170388215139,82.62287427036654,38.75916385054114,426.35080235595257,193795.8192527057
5.90970695632793,1.495741308648594,28,0.0005,0.0025,0.04367956741955743,0.21839783709778718,12.593400663925392,138.5274073031793,40.004918427546926,440.05410270301616,200024.5921377346
6.253245077987968,1.3671152808481357,26,0.0005,0.0025,0.041205986153841447,0.2060299307692072,2.391664638876454,26.308311027640997,7.980850293478692,87.78935322826564,39904.25146739347
5.449215422249889,1.2132279904409138,26,0.0005,0.0025,0.04643260275660189,0.2321630137830094,8.00976282630561,88.10739108936173,38.946231745289914,428.40854919818906,194731.15872644956
5.9075471637113015,1.0379700408019112,26,0.0005,0.0025,0.05427260047873013,0.27136300239365063,4.3583614049806485,47.94197545478714,26.70613330314912,293.7674663346403,133530.6665157456
5.759917626329748,1.2787583631703119,25,0.0005,0.0025,0.040729613063259076,0.2036480653162954,9.920955125479345,109.13050638027279,39.499491644930046,434.49440809423055,197497.45822465024
5.43759101239137,1.0479452464400105,29,0.0005,0.0025,0.06687690370409562,0.33438451852047807,3.596281986266391,39.559101848930304,26.197465162158252,288.1721167837407,130987.32581079121
6.444464882342023,1.1698301924244394,29,0.0005,0.0025,0.059908979770891053,0.2995448988544553,5.520977329530033,60.730750624830364,27.23157167057293,299.5472883763023,136157.85835286469
5.408095760490211,1.4273416974992947,26,0.0005,0.0025,0.03946730725517894,0.19733653627589468,7.866198307218367,86.52818137940204,27.84384570198387,306.2823027218226,139219.22850991937
5.385447134075035,1.0093131271836313,28,0.0005,0.0025,0.06473049004686807,0.32365245023434036,3.4007264411757414,37.40799085293315,26.034388299623696,286.37827129586066,130171.94149811848
5.957658963541961,1.4555449701331453,25,0.0005,0.0025,0.035782702975208684,0.1789135148760434,9.455987789546805,104.01586568501486,28.093851061256252,309.03236167381874,140469.25530628124
5.534445440168756,1.0250752353992154,28,0.0005,0.0025,0.0637351592128643,0.31867579606432145,3.631205233895934,39.94325757285527,26.224939349325382,288.4743328425792,131124.6967466269
5.149503815650931,1.3422937081802788,26,0.0005,0.0025,0.04196796348669721,0.209839817433486,6.554652238226465,72.10117462049111,27.552040526704857,303.07244579375345,137760.20263352428
6.070105676843571,1.3334642437542583,29,0.0005,0.0025,0.05255733977239578,0.2627866988619789,6.8552308847370975,75.40753973210806,27.62818414182652,303.91002556009164,138140.92070913257
5.641768859258691,1.029606824360473,25,0.0005,0.0025,0.05058565279584683,0.2529282639792341,6.070433709241449,66.77477080165595,38.062111252320946,418.68322377553034,190310.55626160468
5.825205357870723,1.1767707206652664,26,0.0005,0.0025,0.04787112080889155,0.23935560404445771,8.05915192052281,88.65067112575092,38.96359325571936,428.59952581291293,194817.96627859678
6.487418769491217,1.1428409689687413,28,0.0005,0.0025,0.05716747570949245,0.2858373785474622,5.491555401211808,60.407109413329884,27.22081508018211,299.4289658820032,136104.07540091054
6.884706695344224,1.3124322145990392,25,0.0005,0.0025,0.039684589233620185,0.19842294616810094,8.857635257581927,97.43398783340122,28.00979005867421,308.1076906454163,140048.95029337108
5.951889003424101,1.2101073387276278,27,0.0005,0.0025,0.050202158152247746,0.2510107907612387,8.41046646057658,92.51513106634239,39.08161422900182,429.89775651901994,195408.07114500905
5.022057565789591,1.097876262570465,25,0.0005,0.0025,0.047440075998537654,0.23720037999268825,4.306115517829441,47.367270696123846,26.67647654539714,293.4412419993685,133382.3827269857
5.256564811678055,1.4189772446074105,28,0.0005,0.0025,0.046042551832047994,0.23021275916023995,6.969221082842652,76.66143191126918,27.655444726578164,304.2098919923598,138277.22363289085
5.767431737942709,1.2839910062376427,26,0.0005,0.0025,0.043873619877137275,0.21936809938568638,1.9223494184098577,21.145843602508435,7.884796902789026,86.73276593067929,39423.984513945135
5.716558508802093,1.0919039135818183,27,0.0005,0.0025,0.055636763678883816,0.2781838183944191,6.439975610824319,70.8397317190675,38.267998461364826,420.947983075013,191339.99230682408
6.534910821622029,1.018931331014284,26,0.0005,0.0025,0.055286682839811134,0.27643341419905565,1.3357072649299715,14.692779914229687,7.6779697497577795,84.45766724733558,38389.8487487889
5.078591740756953,1.113495035217935,26,0.0005,0.0025,0.05059145443096447,0.25295727215482233,1.2306248975345966,13.536873872880562,7.622026113614848,83.84228724976334,38110.130568074244
5.352630664732335,1.0903612116389896,26,0.0005,0.0025,0.05166483614054393,0.2583241807027196,6.225145302923029,68.47659833215333,38.151009572350155,419.6611052958517,190755.04786175076
5.197903635147053,1.0456255322243546,26,0.0005,0.0025,0.05387524653639213,0.2693762326819606,5.492150771241373,60.4136584836551,37.690029342781145,414.59032277059265,188450.14671390573
6.51674826401154,1.0724281048536024,26,0.0005,0.0025,0.052528773796937586,0.2626438689846879,7.443413886612426,81.87755275273669,38.73195839221327,426.0515423143461,193659.7919610664
5.50256521965861,1.4875162827473707,28,0.0005,0.0025,0.04392108785032311,0.21960543925161552,8.083255292888197,88.91580822177016,27.883477130673455,306.718248437408,139417.3856533673
5.79523031663449,1.3652319175519954,28,0.0005,0.0025,0.04785511713678865,0.23927558568394325,10.173443165860947,111.90787482447043,39.557941784842306,435.1373596332654,197789.70892421156
6.396716361004641,1.4575071089982474,26,0.0005,0.0025,0.0386504689998058,0.193252344999029,9.804171103079202,107.84588213387123,28.138246614778815,309.520712762567,140691.23307389405
5.594065942269756,1.0633588676658399,28,0.0005,0.0025,0.06144053086870416,0.30720265434352073,5.697345511418927,62.6708006256082,37.829844173711706,416.12828591082877,189149.22086855854
5.360544479031688,1.0182362206774942,25,0.0005,0.0025,0.051150540783826304,0.2557527039191315,5.5967357281976735,61.56409301017441,37.76244284053118,415.3868712458429,188812.21420265586
6.402723710195879,1.3871468204255661,27,0.0005,0.0025,0.043794931513711256,0.2189746575685563,8.503754048329665,93.54129453162632,27.95478077847926,307.5025885632719,139773.90389239634
6.252242163182984,1.0638515272932583,28,0.0005,0.0025,0.061412078337246906,0.3070603916862345,4.513683139818168,49.65051453799985,26.790605241576756,294.69665765734436,133953.02620788378
5.896057133596246,1.3164755156099832,27,0.0005,0.0025,0.04614593988240773,0.23072969941203864,6.978244874357634,76.76069361793398,27.657566965248176,304.23323661773,138287.8348262409
6.248192340783705,1.3721039049921364,25,0.0005,0.0025,0.03795873850649221,0.18979369253246103,2.5093655912691295,27.603021503960424,7.999573176947991,87.99530494642791,39997.86588473996
5.119288261039858,1.3616456244704809,27,0.0005,0.0025,0.04461513253393266,0.22307566266966328,9.21505895724443,101.36564852968874,39.32016819198795,432.5218501118675,196600.84095993976
5.693035507343078,1.4624438711398904,26,0.0005,0.0025,0.03851999686622144,0.1925999843311072,2.4969001236449317,27.46590136009425,7.99766984406183,87.97436828468014,39988.34922030915
5.981723625870223,1.2795216942232093,29,0.0005,0.0025,0.054773071570217144,0.27386535785108573,8.82739440392585,97.10133844318433,39.210297478245316,431.31327226069845,196051.48739122658
5.301815143040871,1.2210491683648366,25,0.0005,0.0025,0.04265457500215207,0.21327287501076037,1.6450663340234204,18.095729674257626,7.804117451178274,85.84529196296103,39020.587255891376
5.5229193142058675,1.2348564469117504,26,0.0005,0.0025,0.04561933775720833,0.2280966887860416,5.909062595416254,64.99968854957879,27.36412415076368,301.0053656584005,136820.6207538184
6.862779475084696,1.4558431221646029,27,0.0005,0.0025,0.04172839715701963,0.20864198578509816,10.119337838663311,111.31271622529644,28.17590774446209,309.9349851890831,140879.53872231048
6.2574458761980205,1.2702223212662047,29,0.0005,0.0025,0.055174068476037855,0.27587034238018926,6.383986187215669,70.22384805937236,27.50582106038256,302.56403166420813,137529.1053019128
6.449816553186998,1.1858026711686582,25,0.0005,0.0025,0.04392242874778063,0.21961214373890314,9.529535272168498,104.82488799385348,39.403135165010404,433.4344868151144,197015.675825052
5.628041635528049,1.3066359393817848,28,0.0005,0.0025,0.050001175816612564,0.2500058790830628,8.98069697567308,98.78766673240388,39.25480576065689,431.8028633672259,196274.02880328448
6.459542010589084,1.2983031527108568,29,0.0005,0.0025,0.0539807156649041,0.26990357832452055,1.97692974639117,21.746227210302873,7.898171189423567,86.87988308365924,39490.85594711784
6.26978991214436,1.2126653502283165,26,0.0005,0.0025,0.04645414608632719,0.23227073043163593,6.510894611009124,71.61984072110037,27.540406540150393,302.9444719416544,137702.032700752
6.187006763711484,1.2852359305393117,26,0.0005,0.0025,0.043831122360308346,0.21915561180154172,10.377993251970363,114.15792577167399,39.603328075334716,435.63660882868186,198016.64037667355
5.746813565416459,1.030639134858517,25,0.0005,0.0025,0.0505349851094905,0.2526749255474525,1.241768497378393,13.65945347116232,7.628366301722195,83.91202931894414,38141.83150861097
6.489980115483893,1.3482010743243296,25,0.0005,0.0025,0.0386317251374656,0.193158625687328,12.584021443847341,138.42423588232074,40.00350212297482,440.03852335272296,200017.51061487407
6.22780735975326,1.2433043961736252,27,0.0005,0.0025,0.048861727013081654,0.24430863506540829,1.8710982808132284,20.58208108894551,7.871572757772765,86.5873003355004,39357.86378886382
6.990263742615525,1.283181408211453,26,0.0005,0.0025,0.04390130107312954,0.2195065053656477,11.76717919892701,129.43897118819712,39.87193339361813,438.5912673297994,199359.66696809063
6.586968618597308,1.0072749231593319,28,0.0005,0.0025,0.0648614711149707,0.32430735557485346,1.2110224593107948,13.321247052418741,7.610616695929845,83.71678365522828,38053.08347964922
6.645138256284163,1.1505730666839313,25,0.0005,0.0025,0.04526729752456556,0.22633648762282782,9.224546598687294,101.47001258556023,39.32274876024089,432.55023636264985,196613.7438012045
6.256850548597609,1.3504470665230213,27,0.0005,0.0025,0.04498510271595631,0.22492551357978155,11.20523675807236,123.25760433879597,39.77087512113351,437.47962633246857,198854.37560566753
5.57277870871129,1.07344189105021,25,0.0005,0.0025,0.04851993737861042,0.24259968689305209,6.563909664723508,72.20300631195859,38.33230950689309,421.655404575824,191661.54753446544
6.149586377577233,1.0081359742088791,25,0.0005,0.0025,0.05166300446148151,0.25831502230740755,4.460415389086057,49.06456927994663,26.76223885931614,294.3846274524776,133811.19429658074
6.388652760108361,1.1881144753994912,26,0.0005,0.0025,0.04741406194415049,0.2370703097207524,9.083997450914998,99.92397196006499,39.28400455081701,432.12405005898717,196420.02275408508
5.957651069124768,1.0905096357004433,28,0.0005,0.0025,0.05991082627286388,0.29955413136431935,1.2913722904871292,14.20509519535842,7.655378628759668,84.20916491635634,38276.89314379834
6.3128206426141915,1.1846581847274895,29,0.0005,0.0025,0.05915911799440681,0.29579558997203403,1.5851925417042974,17.437117958747272,7.783263044655262,85.6158934912079,38916.31522327632
5.599540874001601,1.4838645630605831,27,0.0005,0.0025,0.04094039409816387,0.20470197049081934,2.431594157046428,26.7475357275107,7.987395118309183,87.86134630140101,39936.97559154592
5.680681727823982,1.2475922569655458,28,0.0005,0.0025,0.05236753672408983,0.2618376836204491,8.21385976205456,90.35245738260015,39.016721623694714,429.1839378606419,195083.60811847358
6.097464033079162,1.3666400104485383,27,0.0005,0.0025,0.04445208653013279,0.22226043265066392,11.18200678702771,123.0020746573048,39.76649050789664,437.4313955868631,198832.45253948323
5.362171712599974,1.1255358716863675,27,0.0005,0.0025,0.053974290405315574,0.26987145202657786,6.416512338389303,70.58163572228234,38.255568301010584,420.81125131111645,191277.84150505293
5.2432264599988,1.0332376925617752,27,0.0005,0.0025,0.05879576445704228,0.2939788222852114,1.0353674532802197,11.389041986082418,7.491183485202536,82.4030183372279,37455.91742601268
5.352909137754515,1.4889606907544986,27,0.0005,0.0025,0.0408002712074395,0.20400135603719752,8.175237296834343,89.92761026517778,27.89966923105272,306.8963615415799,139498.3461552636
6.860319579716016,1.2541101770694956,26,0.0005,0.0025,0.04491896674099924,0.2245948337049962,10.991802825310891,120.90983107841981,39.72993044399972,437.02923488399693,198649.65221999862
5.860809273772812,1.3169036116507322,27,0.0005,0.0025,0.0461309388648803,0.23065469432440153,6.938695544072288,76.32565098479516,27.64822716997252,304.1304988696977,138241.1358498626
5.500957621025514,1.0893346863292748,27,0.0005,0.0025,0.055767984589482726,0.27883992294741367,6.1414344688825455,67.555779157708,38.10341326409829,419.1375459050812,190517.06632049143
5.033064805655955,1.0740767841388983,26,0.0005,0.0025,0.05244814352681175,0.2622407176340587,5.624947566606686,61.87442323267354,37.78156157282625,415.5971773010887,188907.80786413123
6.157195468482356,1.2284777544883267,28,0.0005,0.0025,0.05318234953350484,0.2659117476675242,6.064893785515539,66.71383164067093,27.41289834502612,301.54188179528734,137064.49172513062
5.153209931799886,1.1425321814085092,28,0.0005,0.0025,0.05718292613236562,0.2859146306618281,4.269196232330221,46.96115855563243,26.65512291856349,293.20635210419834,133275.6145928174
5.217536725049362,1.1368180258403113,26,0.0005,0.0025,0.049553518727584345,0.24776759363792172,1.326710395315411,14.593814348469522,7.673496895747333,84.40846585322068,38367.48447873667
6.626613880251836,1.4177653088036,26,0.0005,0.0025,0.03973389176863903,0.19866945884319515,13.716443306510707,150.88087637161777,40.16111513114388,441.77226644258263,200805.57565571935
5.300516283874739,1.352059702889263,26,0.0005,0.0025,0.041664826792006816,0.20832413396003405,1.9614014272806597,21.575415700087255,7.894437351624298,86.83881086786724,39472.18675812147
5.296123685132478,1.1554800559378275,29,0.0005,0.0025,0.06065300129862586,0.3032650064931293,1.2398325030534774,13.63815753358825,7.627272239027251,83.89999462929977,38136.36119513626
5.932147328858681,1.2019195585472309,27,0.0005,0.0025,0.050544147957313365,0.25272073978656684,8.258992933881425,90.84892227269567,39.031872321479725,429.3505955362769,195159.36160739858
6.178040336378366,1.2331348928765142,25,0.0005,0.0025,0.04223652548817215,0.21118262744086078,9.893753098738571,108.83128408612428,39.49302707500306,434.42329782503367,197465.1353750153
5.677978156002931,1.4609496824246946,29,0.0005,0.0025,0.04797107948099767,0.23985539740498837,2.2145980784937778,24.360578863431556,7.949136261910874,87.44049888101962,39745.68130955437
5.546375825762052,1.3605339641569314,27,0.0005,0.0025,0.04465158650974535,0.22325793254872675,10.018835147817263,110.20718662598989,39.522479583743504,434.7472754211785,197612.39791871747
6.96936021212119,1.1423350561756214,28,0.0005,0.0025,0.057192793813104395,0.28596396906552196,5.926535012538363,65.19188513792199,27.369711763757316,301.06682940133044,136848.55881878655
5.9370908644676605,1.0765474711088476,26,0.0005,0.0025,0.05232777452471261,0.261638872623563,4.747447105359356,52.221918158952924,26.908201786601325,295.99021965261466,134541.00893300664
6.732294824691742,1.224563948145596,27,0.0005,0.0025,0.049609495765407796,0.24804747882703898,6.888924335341033,75.77816768875137,27.636330166137817,303.999631827516,138181.6508306891
6.795798745827141,1.0997581988796898,27,0.0005,0.0025,0.0552394154113925,0.27619707705696256,1.5791352077582246,17.37048728534047,7.7810716414063,85.5917880554693,38905.358207031495
5.640843505228701,1.4087447179303034,26,0.0005,0.0025,0.039988319115827474,0.19994159557913735,7.999376539137698,87.99314193051468,27.868403788528422,306.55244167381267,139342.0189426421
6.994067979958538,1.315697961068515,28,0.0005,0.0025,0.04965678694240303,0.24828393471201515,2.295822973763497,25.254052711398472,7.96426010696426,87.60686117660688,39821.30053482131
6.389160700140237,1.2120294478050075,25,0.0005,0.0025,0.0429720032196054,0.21486001609802696,9.884024075428215,108.72426482971036,39.490706846754975,434.39777531430474,197453.53423377487
6.545500592373945,1.119782824442812,26,0.0005,0.0025,0.05030737398688357,0.2515368699344178,5.747555287073953,63.22310815781349,27.31098063573509,300.42078699308604,136554.90317867548
6.734982218450977,1.168499618672418,25,0.0005,0.0025,0.044572828695064036,0.2228641434753202,6.769944013378779,74.46938414716656,27.6072241503633,303.6794656539963,138036.1207518165
6.821287494050693,1.0411320576539,29,0.0005,0.0025,0.06731454748522486,0.33657273742612437,4.557676385711643,50.134440242828084,26.813576761218368,294.9493443734021,134067.88380609185
5.002949097256861,1.322742329071389,25,0.0005,0.0025,0.039375267721187726,0.19687633860593862,6.423031620178041,70.65334782195845,27.51659807809075,302.6825788589983,137582.99039045378
6.225493552009287,1.2963560040617899,27,0.0005,0.0025,0.04686212723176032,0.23431063615880163,2.0443256001635435,22.48758160179898,7.913757457907634,87.05133203698398,39568.78728953817
6.504704233405659,1.32377710669292,27,0.0005,0.0025,0.04589141154719511,0.22945705773597555,11.192883182111498,123.12171500322647,39.76854555236459,437.45400107601057,198842.727761823
6.568515477612003,1.337248318906612,28,0.0005,0.0025,0.04885654549691451,0.24428272748457255,2.2235984518263012,24.45958297008931,7.9508636283885865,87.45949991227442,39754.31814194292
5.943277980629376,1.2351912520037338,28,0.0005,0.0025,0.05289329342913436,0.2644664671456718,1.6879199239639953,18.567119163603948,7.818198124494792,86.0001793694427,39090.99062247395
6.6217667431694185,1.2735509382463281,28,0.0005,0.0025,0.05130013364310102,0.2565006682155051,10.112011011131933,111.23212112245126,39.54397343053012,434.98370773583133,197719.8671526506
5.574415834142398,1.2495378500023089,28,0.0005,0.0025,0.0522859978456936,0.261429989228468,8.075541075567264,88.8309518312399,38.96931091558889,428.662420071478,194846.55457794454
5.032154094375551,1.1032176642928202,26,0.0005,0.0025,0.05106275502708152,0.2553137751354076,1.1935315470676302,13.128847017743931,7.600150005657996,83.60165006223797,38000.750028289985
5.07080661314618,1.1011019798311166,26,0.0005,0.0025,0.05116086826215094,0.2558043413107547,4.194996738023801,46.14496411826182,26.611177967214452,292.722957639359,133055.88983607225
5.450033310811179,1.2430288452606262,28,0.0005,0.0025,0.05255978860219843,0.26279894301099216,5.45504051702761,60.00544568730372,27.207315993005746,299.28047592306325,136036.57996502874
6.121470100500081,1.1290188660576876,28,0.0005,0.0025,0.057867353059798295,0.2893367652989915,7.1748932292561225,78.92382552181735,38.61949604379781,424.81445648177584,193097.480218989
6.052330143557541,1.394600778999381,26,0.0005,0.0025,0.04039387771872049,0.20196938859360242,8.434077114922486,92.77484826414734,27.94343282315797,307.3777610547376,139717.1641157898
5.910369488863303,1.2098847567817963,26,0.0005,0.0025,0.04656090839856171,0.23280454199280853,6.0824376241854425,66.90681386603987,27.41824348822439,301.6006783704683,137091.21744112196
5.686947680531723,1.1310628877001054,28,0.0005,0.0025,0.0577627769806696,0.288813884903348,6.647286368805641,73.12015005686206,38.374341953003096,422.11776148303414,191871.70976501552
6.8289472378233285,1.2100993960680495,26,0.0005,0.0025,0.046552649738009995,0.23276324869004994,7.098758407137076,78.08634247850783,27.68542261832382,304.539648801562,138427.1130916191
5.089506002540718,1.439566117738569,26,0.0005,0.0025,0.03913216116938625,0.1956608058469312,10.730522759862502,118.03575035848753,39.67771224444658,436.4548346889124,198388.5612222329
5.208395644823673,1.109002452830016,25,0.0005,0.0025,0.046964128167998276,0.23482064083999138,4.58246536024781,50.40711896272592,26.82634329832621,295.08977628158834,134131.71649163106
5.781235974721046,1.0285454995158867,29,0.0005,0.0025,0.06813829175891585,0.3406914587945793,5.277062344872945,58.047685793602405,37.533042372059555,412.8634660926552,187665.2118602978
5.4667824073728895,1.3488645903486303,26,0.0005,0.0025,0.04176352002744272,0.20881760013721357,7.058468828597612,77.64315711457373,27.67620967084781,304.4383063793258,138381.048354239
6.100707671299009,1.3538377036843634,28,0.0005,0.0025,0.048257876963785085,0.24128938481892542,7.387659705435023,81.26425675978525,27.748706792750564,305.2357747202562,138743.5339637528
6.431467069192024,1.0185920944483904,29,0.0005,0.0025,0.06880412062424886,0.3440206031212443,4.070287815913619,44.77316597504981,26.53406106062047,291.8746716668252,132670.30530310236
5.331300139327231,1.2204048991820198,29,0.0005,0.0025,0.05742629628929457,0.2871314814464728,7.038524728242918,77.4237720106721,38.55936559241032,424.1530215165135,192796.82796205158
5.901581977384927,1.0071037000371685,27,0.0005,0.0025,0.060321494199413565,0.3016074709970678,5.5793751599788015,61.37312675976681,37.75059147452597,415.2565062197856,188752.9573726298
5.965336539360818,1.229675905024512,26,0.0005,0.0025,0.04581152895909626,0.22905764479548127,9.086019669377455,99.94621636315202,39.284569951266285,432.13026946392927,196422.84975633147
5.169226859723664,1.0054587276718006,25,0.0005,0.0025,0.05180056813862006,0.2590028406931003,1.044973852465842,11.494712377124262,7.498641697349326,82.48505867084259,37493.20848674663
6.840514861252926,1.048624718487287,28,0.0005,0.0025,0.06230382727157256,0.31151913635786277,1.3787760453689448,15.166536499058394,7.698640631354698,84.68504694490166,38493.20315677348
6.060290458096068,1.1146580553388494,29,0.0005,0.0025,0.06287428956141031,0.31437144780705156,4.649396867433787,51.14336554177165,26.860192340974546,295.4621157507199,134300.96170487266
6.427283391861355,1.427334334041575,29,0.0005,0.0025,0.04910085301100307,0.24550426505501538,12.014628771854106,132.16091649039515,39.91358512100861,439.0494363310946,199567.92560504298
6.449331022297795,1.1008325892250959,28,0.0005,0.0025,0.05934901816390005,0.29674509081950023,7.187463908211419,79.06210299032561,38.62493333958531,424.8742667354385,193124.6666979266
6.159919285884749,1.1450265010972616,25,0.0005,0.0025,0.045486574575717385,0.22743287287858693,1.6834559086041805,18.518014994645988,7.816762480758133,85.98438728833948,39083.812403790675
5.60240146167347,1.2219496974000912,27,0.0005,0.0025,0.0497156307900858,0.24857815395042898,8.047068877690498,88.51775765459548,38.959364027589224,428.55300430348154,194796.82013794614
6.705019906526362,1.307595700138841,27,0.0005,0.0025,0.04645931459819694,0.23229657299098472,7.882591931302336,86.70851124432569,27.846911109955467,306.3160222095101,139234.55554977732
6.460492905925452,1.3662563553236962,29,0.0005,0.0025,0.05129588825717048,0.2564794412858524,7.710941532178729,84.82035685396602,27.814203183472674,305.9562350181995,139071.0159173634
5.913172906534569,1.2958014384346843,28,0.0005,0.0025,0.05041924742131431,0.25209623710657153,6.510540680333066,71.61594748366373,27.540311842177633,302.943430263954,137701.55921088817
5.219102612438739,1.2572882843624138,29,0.0005,0.0025,0.05574165782422242,0.2787082891211121,1.4675372274563436,16.14290950201978,7.737716449322844,85.1148809425513,38688.58224661423
6.820363018637407,1.400319072654862,25,0.0005,0.0025,0.03719390412542811,0.18596952062714056,2.870168379402249,31.571852173424737,8.047799430940934,88.52579374035028,40238.99715470467
6.5132794031379,1.4467820561142801,29,0.0005,0.0025,0.04844083670871676,0.2422041835435838,2.507058352825657,27.577641881082226,7.999222247611243,87.99144472372367,39996.11123805621
6.2338661649798075,1.1219642658716047,28,0.0005,0.0025,0.05823120692937466,0.2911560346468733,1.4438340377115082,15.882174414826588,7.727714025750101,85.0048542832511,38638.5701287505
6.215655548975656,1.0314642227560602,27,0.0005,0.0025,0.058896856196986376,0.2944842809849319,1.2459660705760565,13.705626776336622,7.6307278124577085,83.93800593703479,38153.63906228854
6.419757909930053,1.197230412092325,26,0.0005,0.0025,0.04705304239213493,0.23526521196067463,9.281617073628134,102.09778780990948,39.33816724870317,432.71983973573487,196690.83624351583
6.49697129737797,1.3892481103677943,28,0.0005,0.0025,0.047027836745472895,0.23513918372736445,2.38223545730676,26.204590030374362,7.979274342908076,87.77201777198884,39896.371714540386
5.501164788015441,1.2007164049519048,28,0.0005,0.0025,0.05441196027962181,0.27205980139810904,7.303094350990879,80.33403786089967,38.67413944589346,425.41553390482807,193370.6972294673
5.274589130128422,1.0942725691674537,29,0.0005,0.0025,0.06404559093229784,0.3202279546614892,3.8290896209006005,42.119985829906604,26.372125118392933,290.09337630232227,131860.62559196466
5.0303519427110786,1.0234974313361223,25,0.0005,0.0025,0.050887605321433264,0.2544380266071663,5.273829336354112,58.01212269989523,37.530595401331794,412.83654941464965,187652.97700665894
5.207916490240433,1.340410781911647,29,0.0005,0.0025,0.05228496687663384,0.2614248343831692,8.406367230208083,92.47003953228892,39.080290054702324,429.8831906017256,195401.4502735116
5.058185711791873,1.3516920957672331,29,0.0005,0.0025,0.051848592998950234,0.2592429649947512,8.294944575887653,91.24439033476418,39.04383121384518,429.482143352297,195219.1560692259
5.108100004419917,1.324271419080625,25,0.0005,0.0025,0.039329802473191004,0.19664901236595503,1.8809939722107865,20.69093369431865,7.874178730824965,86.61596603907462,39370.893654124826
5.904893793567058,1.0064302837338557,28,0.0005,0.0025,0.06491590564122009,0.3245795282061004,3.747123745513595,41.21836120064954,26.31284712646494,289.4413183911143,131564.23563232468
5.96559151098616,1.1854782317960044,26,0.0005,0.0025,0.047519500419664476,0.23759750209832237,8.400658596753427,92.4072445642877,39.07844399175906,429.8628839093496,195392.21995879526
6.44789095478775,1.450753693185779,29,0.0005,0.0025,0.048308223279055734,0.24154111639527867,12.474785107578406,137.22263618336245,39.98685761769907,439.85543379468976,199934.28808849535
6.976697572153257,1.1033893044146537,25,0.0005,0.0025,0.04720304349964989,0.23601521749824944,1.7770260228176609,19.54728625099427,7.845445651499197,86.29990216649117,39227.22825749599
6.4583520763853395,1.15476708488417,29,0.0005,0.0025,0.060690449399467515,0.3034522469973376,5.380980078149537,59.1907808596449,27.179416664718314,298.97358331190145,135897.08332359156
6.224452678007687,1.2367116118763202,27,0.0005,0.0025,0.0491222039290397,0.24561101964519852,9.244573242456115,101.69030566701727,39.328179574971145,432.6099753246826,196640.8978748557
5.358010024631032,1.293734603722323,27,0.0005,0.0025,0.04695708055207813,0.23478540276039067,6.070447366795096,66.77492103474606,27.41459349059809,301.560528396579,137072.96745299047
6.537355176657186,1.0079533255524629,27,0.0005,0.0025,0.06027064791586724,0.3013532395793362,1.2519405560010521,13.771346116011575,7.634064175864196,83.97470593450616,38170.320879320985
6.436865746246326,1.2479985398534255,26,0.0005,0.0025,0.04513894170096509,0.22569470850482545,7.1179938056355505,78.29793186199106,27.689786499827743,304.5876514981052,138448.93249913873
6.577906102909727,1.1448583031641018,28,0.0005,0.0025,0.05706674193021823,0.2853337096510911,5.595534510019366,61.55087961021302,27.258359983422622,299.84195981764884,136291.7999171131
5.694523012627809,1.0745999379516895,25,0.0005,0.0025,0.04846764967492007,0.24233824837460038,1.3473784050810416,14.821162455891457,7.683690719942823,84.52059791937107,38418.45359971413
5.076693565059443,1.1429517895779702,29,0.0005,0.0025,0.06131783857586092,0.3065891928793046,1.1550303706151261,12.705334076766388,7.576103291362258,83.33713620498483,37880.51645681128
5.751257621633191,1.3617692012375464,27,0.0005,0.0025,0.04461108383475828,0.2230554191737914,7.302529015631949,80.32781917195145,27.730549620961106,305.0360458305722,138652.74810480556
5.770684123439278,1.224454786769316,29,0.0005,0.0025,0.05723635865579481,0.2861817932789741,7.725539657490325,84.98093623239357,38.84233003160427,427.2656303476469,194211.6501580213
5.766642960632792,1.0244597077764117,26,0.0005,0.0025,0.05498833473461319,0.27494167367306593,5.889702870787786,64.78673157866564,37.95291739824916,417.48209138074077,189764.5869912458
6.581771748051868,1.3822543452108413,28,0.0005,0.0025,0.047265782567221915,0.23632891283610957,8.363086890985622,91.99395580084185,27.931686220449464,307.24854842494415,139658.43110224733
6.035628171950157,1.0528369613721136,25,0.0005,0.0025,0.049469514506268415,0.2473475725313421,1.373015337323568,15.103168710559249,7.695944607523862,84.65539068276249,38479.72303761932
5.139415735302769,1.0837743916479448,25,0.0005,0.0025,0.048057357448848245,0.2402867872442412,4.293053792945672,47.223591722402396,26.668959899882037,293.35855889870237,133344.79949941015
6.112691868101244,1.0695714208265459,25,0.0005,0.0025,0.04869551702595443,0.24347758512977213,1.440781860380901,15.848600464189913,7.726404048629065,84.99044453491972,38632.02024314533
6.866955894998647,1.1692767978738539,29,0.0005,0.0025,0.0599373334532669,0.29968666726633447,8.436770899272135,92.8044798919935,39.09008285166944,429.99091136836387,195450.4142583472
5.456546944721641,1.2247724868646839,29,0.0005,0.0025,0.057221511819506056,0.2861075590975303,7.274897293113046,80.02387022424351,38.662273043838944,425.2850034822284,193311.36521919473
5.785495751800089,1.1120013256865153,26,0.0005,0.0025,0.05065941202772836,0.2532970601386418,4.9534123440617375,54.487535784679125,27.003365830187338,297.03702413206076,135016.8291509367
6.9508279629469705,1.166346007979593,29,0.0005,0.0025,0.060087943760990296,0.30043971880495146,8.501548065986396,93.51702872585037,39.11072957721549,430.21802534937046,195553.6478860775
6.448840344457194,1.06754064886321,26,0.0005,0.0025,0.05276926306583352,0.2638463153291676,7.286668294919237,80.1533512441116,38.66723701309024,425.3396071439926,193336.1850654512
6.713064080587723,1.0190548057671944,25,0.0005,0.0025,0.051109452640402835,0.25554726320201415,5.0258946487229395,55.284841135952334,27.03514933621517,297.38664269836687,135175.74668107583
6.983493461087666,1.332213311344408,26,0.0005,0.0025,0.04228552053460894,0.2114276026730447,8.903727026104955,97.9409972871545,28.016648110617997,308.1831292167979,140083.24055308994
6.985380317468888,1.13004483783037,25,0.0005,0.0025,0.04608961661497499,0.23044808307487494,6.553915534983654,72.09307088482021,27.551845861848374,303.07030448033214,137759.22930924187
5.097077420096638,1.2834847370174065,28,0.0005,0.0025,0.050903085521029685,0.2545154276051484,1.5537079760115016,17.09078773612652,7.771700190800563,85.48870209880621,38858.500954002826
6.295658022218401,1.0209718622890536,29,0.0005,0.0025,0.06864374614223366,0.3432187307111683,3.9957072635122564,43.952779898634816,26.485870078207547,291.344570860283,132429.35039103773
5.12373236230982,1.0388713939125382,26,0.0005,0.0025,0.054225512092670056,0.27112756046335024,5.3271329755952515,58.59846273154776,37.57060017679291,413.276601944722,187853.00088396456
5.657747782071381,1.0018573062027627,28,0.0005,0.0025,0.06521221428324918,0.32606107141624585,5.05073932384303,55.55813256227333,37.3550156308725,410.90517193959755,186775.0781543625
5.8140379813565986,1.484057757530592,28,0.0005,0.0025,0.04402344383283652,0.2201172191641826,12.17695240053578,133.94647640589358,39.940033736467974,439.3403711011477,199700.16868233986
6.074768512243759,1.4142287841603551,26,0.0005,0.0025,0.039833253264449094,0.19916626632224543,12.456354141825518,137.0198955600807,39.984021861938054,439.82424048131855,199920.10930969025
5.579711847478325,1.3624568752159145,25,0.0005,0.0025,0.03822750964141853,0.19113754820709267,2.194483738567845,24.139321124246294,7.945227440994888,87.39750185094377,39726.13720497444
6.144722751570936,1.2432751392514625,28,0.0005,0.0025,0.05254937645794841,0.262746882289742,6.209039801597401,68.2994378175714,27.455979555507422,302.0157751105816,137279.8977775371
6.332449184429853,1.4574226964286703,29,0.0005,0.0025,0.04808717025271287,0.24043585126356437,12.3587751678471,135.9465268463181,39.96887442121698,439.65761863338685,199844.37210608492
6.877031562773064,1.1105023936041256,29,0.0005,0.0025,0.06310957431246816,0.3155478715623408,1.5120749054325004,16.632823959757506,7.755727601461464,85.31300361607612,38778.63800730733
5.564495150293301,1.4209266725285274,25,0.0005,0.0025,0.03665448354252614,0.1832724177126307,8.368528352327415,92.05381187560155,27.93259330810883,307.25852638919713,139662.96654054415
5.617740946446381,1.3990161546197761,27,0.0005,0.0025,0.04342337277478443,0.21711686387392218,10.774491221820774,118.51940344002853,39.6866670440615,436.5533374846765,198433.3352203075
5.551198504355514,1.0049852183399275,27,0.0005,0.0025,0.06044865028000028,0.3022432514000014,5.186294998427641,57.04924498270406,37.463308930528136,412.0963982358096,187316.54465264073
5.897318259665288,1.0464099169774883,25,0.0005,0.0025,0.04977335601307553,0.24886678006537766,1.3208506363608943,14.529356999969838,7.670553755567893,84.37609131124685,38352.768777839476
6.13670557938271,1.0945267957220342,26,0.0005,0.0025,0.05146820850207832,0.2573410425103916,7.289176676814397,80.18094344495837,38.668292919240336,425.35122211164384,193341.46459620175
5.280618291199369,1.2205822811880225,27,0.0005,0.0025,0.04977132712500999,0.24885663562504998,7.530509173568129,82.83560090924942,38.76684582930671,426.4353041223738,193834.22914653353
5.850041039645808,1.2432644295114597,29,0.0005,0.0025,0.05637041619607226,0.28185208098036135,8.102593317039686,89.12852648743655,38.97870163095159,428.7657179404675,194893.50815475793
6.182612593394724,1.3510088330570822,29,0.0005,0.0025,0.05187481504080751,0.25937407520403755,7.187241450735454,79.05965595808999,27.7053142614298,304.75845687572775,138526.57130714896
6.222870862564254,1.276371958890202,27,0.0005,0.0025,0.047595843497550486,0.23797921748775244,1.9770535932293276,21.747589525522603,7.898200747145159,86.88020821859676,39491.003735725804
5.981061291595349,1.459938229989962,25,0.0005,0.0025,0.03567502532877124,0.17837512664385619,9.554919737594705,105.10411711354176,28.106780092493004,309.17458101742307,140533.900462465
5.751525984874414,1.2220354041009929,27,0.0005,0.0025,0.04971214401492039,0.24856072007460198,1.6558464203091057,18.214310623400163,7.807723303849662,85.88495634234627,39038.61651924831
5.196451721682243,1.4990562948893686,28,0.0005,0.0025,0.04358297520651483,0.21791487603257412,11.049264932280488,121.54191425508537,39.74110108073551,437.1521118880906,198705.50540367753
6.303977075616257,1.3518082602398525,25,0.0005,0.0025,0.03852863964900773,0.19264319824503864,2.4548256105367514,27.00308171590427,7.991109768387308,87.9022074522604,39955.54884193655
5.739754990912754,1.2842658489833643,28,0.0005,0.0025,0.050872125413170294,0.2543606270658515,1.767751225312338,19.44526347843572,7.842729116319396,86.27002027951337,39213.64558159699
5.672439369200972,1.222038258356067,26,0.0005,0.0025,0.04609784754948271,0.2304892377474135,5.946270121470211,65.40897133617233,27.37598620468797,301.1358482515677,136879.93102343986
5.820970550458538,1.3036687065743644,28,0.0005,0.0025,0.050114981669698126,0.2505749083484906,1.852999677497524,20.382996452472764,7.86673916141334,86.53413077554674,39333.6958070667
5.130930831586075,1.4420298131142313,27,0.0005,0.0025,0.04212811652541587,0.21064058262707935,7.305645827071493,80.36210409778644,27.731221431942362,305.043435751366,138656.10715971183
6.137013179306727,1.4734275283870633,29,0.0005,0.0025,0.04756483232673981,0.23782416163369907,8.565140308267825,94.21654339094607,27.964632955681697,307.61096251249865,139823.16477840848
5.791414255205478,1.3852178289516557,26,0.0005,0.0025,0.04066749081331625,0.2033374540665812,11.339511439761866,124.73462583738053,39.79588566127087,437.7547422739796,198979.42830635438
5.208630278553883,1.1003053959905613,27,0.0005,0.0025,0.055211944085132095,0.27605972042566046,1.1822903535453537,13.005193888998893,7.593275417416676,83.52602959158345,37966.37708708338
5.690053472687309,1.2964275752596386,25,0.0005,0.0025,0.040174502862531665,0.20087251431265832,10.082977167643659,110.91274884408024,39.53731599910445,434.91047599014894,197686.57999552225
5.1277819305259085,1.237150254407349,27,0.0005,0.0025,0.04910478721851131,0.24552393609255654,5.257638333199418,57.8340216651936,27.13134264778674,298.44476912565415,135656.71323893368
6.014276772019575,1.0446003690425112,25,0.0005,0.0025,0.049859577764722905,0.24929788882361453,4.705540091972174,51.760941011693916,26.887906286451518,295.76696915096676,134439.53143225762
6.642644555092351,1.4661961527639091,29,0.0005,0.0025,0.04779942520052318,0.2389971260026159,13.15944531497155,144.75389846468704,40.08682639504344,440.9550903454778,200434.13197521717
6.817179379334979,1.499087209108875,28,0.0005,0.0025,0.043582076437147656,0.21791038218573827,2.938389398110426,32.32228337921469,8.055641302757715,88.61205433033487,40278.20651378857
5.5750589332565195,1.0585350367667075,27,0.0005,0.0025,0.057390636955731496,0.2869531847786575,1.170030698158768,12.870337679746449,7.585641993993591,83.4420619339295,37928.20996996795
5.0533912634496145,1.311169159623419,28,0.0005,0.0025,0.04982830236191471,0.24914151180957356,1.6119133757465143,17.731047133211657,7.792747657550318,85.7202242330535,38963.738287751585
6.806734106117752,1.1756109828936803,27,0.0005,0.0025,0.0516752572781077,0.2583762863905385,6.389388632618825,70.28327495880707,27.507319547548317,302.5805150230314,137536.59773774154
5.066883628140276,1.455518962277667,27,0.0005,0.0025,0.041737690524440464,0.20868845262220234,2.100779524948214,23.108574774430352,7.92608697779125,87.18695675570373,39630.434888956246
6.041972013728047,1.492294494062728,26,0.0005,0.0025,0.0377494747568005,0.1887473737840025,2.772418365497622,30.496602020473844,8.035919759768873,88.39511735745761,40179.59879884437
6.065956050695823,1.4997256302477044,27,0.0005,0.0025,0.04050740933857757,0.20253704669288786,13.520675741506947,148.7274331565764,40.13567155662582,441.4923871228841,200678.35778312915
6.6906289905316285,1.035127890789091,26,0.0005,0.0025,0.05442161672447037,0.27210808362235184,1.4184706047847142,15.603176652631857,7.716670889324294,84.88337978256723,38583.354446621466
6.542941591782247,1.0497133189190988,29,0.0005,0.0025,0.0667642603653909,0.3338213018269545,4.433101049631492,48.76411154594642,26.747452759412127,294.2219803535334,133737.26379706064
5.8171230934205855,1.0827535173862033,25,0.0005,0.0025,0.048102668333106814,0.24051334166553406,4.907040739422866,53.977448133651535,26.98257985768451,296.80837843452963,134912.89928842254
5.6341647331729545,1.2407118583085335,29,0.0005,0.0025,0.056486389538404326,0.2824319476920216,1.549185290388237,17.04103819427061,7.770003503175793,85.47003853493372,38850.017515878964
6.952563315688549,1.4235700919206276,26,0.0005,0.0025,0.03957187191066265,0.19785935955331324,2.9091021595997173,32.00012375559689,8.05231798293447,88.57549781227917,40261.589914672346
6.083353422249296,1.1502346769941818,26,0.0005,0.0025,0.0489755129627502,0.24487756481375098,5.627713897574343,61.90485287331777,27.26971860321852,299.9669046354037,136348.59301609258
6.5606765645160445,1.33557046657966,26,0.0005,0.0025,0.04217922958239759,0.2108961479119879,2.394950446001138,26.344454906012515,7.981396698035435,87.79536367838976,39906.98349017716
5.374943944749985,1.135082039790721,25,0.0005,0.0025,0.045885082758367064,0.22942541379183531,7.1281104429778175,78.409214872756,38.59910586347954,424.5901644982749,192995.52931739765
5.421631131925505,1.0760710758403258,26,0.0005,0.0025,0.052350940935143614,0.26175470467571804,1.2265463953115594,13.492010348427156,7.619679513100238,83.81647464410264,38098.397565501204
5.105698553912252,1.23124478824955,26,0.0005,0.0025,0.045753154751153866,0.2287657737557693,7.707398256780197,84.78138082458217,38.83545762432508,427.1900338675759,194177.2881216254
5.923748740084415,1.273338347243749,28,0.0005,0.0025,0.051308698489096,0.25654349244547997,1.7953331784323492,19.74866496275584,7.850730721290789,86.35803793419866,39253.65360645394
6.283692041971248,1.4894523845962673,26,0.0005,0.0025,0.037821506693282526,0.18910753346641263,10.069114227546772,110.76025650301449,28.170057537614294,309.87063291375716,140850.28768807143
5.063671461797796,1.0596528064933477,27,0.0005,0.0025,0.05733009871510341,0.28665049357551703,3.68784931515364,40.566342466690045,26.268512759460084,288.953640354061,131342.56379730048
5.611032222496112,1.0047304142031697,26,0.0005,0.0025,0.05606810795909877,0.28034053979549384,3.830336622989848,42.13370285288833,26.37300937949711,290.1031031744682,131865.04689748553
5.8415938954719735,1.3650318854718924,29,0.0005,0.0025,0.051341902031178915,0.25670951015589455,1.976266613072795,21.73893274380075,7.8980128644380025,86.87814150881805,39490.064322190025
6.631093175989006,1.0191333443622292,29,0.0005,0.0025,0.06876757955279275,0.3438378977639638,6.021734289090105,66.23907717999116,38.033272262326854,418.3659948855953,190166.3613116342
6.224748354621771,1.347070091387457,26,0.0005,0.0025,0.04181915528635267,0.20909577643176333,11.536248614713173,126.8987347618449,39.831533539102246,438.14686893012464,199157.6676955112
5.577753108017671,1.2937336635926169,28,0.0005,0.0025,0.05049983251723294,0.25249916258616467,8.707702057640807,95.78472263404888,39.17453107811722,430.91984185928936,195872.65539058606
6.3971263319963745,1.1464821939334027,28,0.0005,0.0025,0.05698591193046339,0.2849295596523169,1.5560951136886847,17.117046250575534,7.772592047017746,85.49851251719521,38862.960235088736
5.531317051192895,1.0814301896548577,29,0.0005,0.0025,0.06480615577756405,0.3240307788878202,1.1235439216124714,12.358983137737185,7.555335950474389,83.10869545521827,37776.679752371936
6.692491118576602,1.0886299154735206,25,0.0005,0.0025,0.04784301128697045,0.23921505643485225,1.651018517256834,18.161203689825175,7.806113819215549,85.86725201137104,39030.56909607774
5.899419805936893,1.044736579050121,25,0.0005,0.0025,0.04985307720410031,0.24926538602050155,4.608597035878575,50.694567394664325,26.839665589110226,295.23632148021244,134198.3279455511
5.889028205757551,1.3044323220786864,25,0.0005,0.0025,0.0399279690113287,0.19963984505664353,7.416392952943306,81.58032248237636,27.754746363988147,305.30221000386956,138773.7318199407
5.013405726580483,1.4875198464461028,28,0.0005,0.0025,0.04392098262717234,0.21960491313586167,7.325636646205411,80.58200310825953,27.73551751701757,305.09069268719327,138677.58758508784
6.954936043554211,1.289915218991196,28,0.0005,0.0025,0.050649323592312195,0.25324661796156095,2.1888287033797287,24.077115737177017,7.944116261820702,87.38527888002773,39720.581309103516
5.593983667414249,1.4572411854171696,27,0.0005,0.0025,0.0416883633319826,0.20844181665991302,2.338207475942363,25.72028223536599,7.971756046557468,87.68931651213214,39858.78023278733
6.903682188873184,1.0540217094021727,27,0.0005,0.0025,0.05763638401191623,0.28818192005958115,5.128022611241935,56.40824872366128,27.07852800089548,297.86380800985035,135392.64000447743
6.0595088757749735,1.444400370207977,29,0.0005,0.0025,0.048520711278440154,0.2426035563922008,2.3155870667855596,25.47145773464116,7.967787887620518,87.6456667638257,39838.93943810259
6.479724245781447,1.4902592194959274,29,0.0005,0.0025,0.04702761265723869,0.23513806328619347,13.266368314884023,145.93005146372425,40.10154902252264,441.11703924774906,200507.7451126132
5.109280283399066,1.2806129752021236,26,0.0005,0.0025,0.043989350743882674,0.21994675371941333,8.395563395801213,92.35119735381335,39.07679432840579,429.84473761246363,195383.97164202892
5.149176502060792,1.251996896521768,25,0.0005,0.0025,0.041600209615557764,0.20800104807778882,1.6823656407151402,18.506022047866544,7.8164107694161915,85.98051846357812,39082.05384708096
5.798808458236884,1.0907969746985384,27,0.0005,0.0025,0.05569322377043571,0.27846611885217853,4.568998633084518,50.2589849639297,26.81942349490502,295.01365844395525,134097.1174745251
6.150898862303113,1.2772765800401509,25,0.0005,0.0025,0.04077686395196889,0.20388431975984445,2.1221851109238434,23.34403622016228,7.9306000186034185,87.2366002046376,39653.00009301709
5.304154153137289,1.0425753419144677,27,0.0005,0.0025,0.05826917015747328,0.2913458507873664,5.350910933918728,58.86002027310601,37.58821564304171,413.47037207345875,187941.07821520852
5.589503367127561,1.3445272281755516,26,0.0005,0.0025,0.04189824657532189,0.20949123287660942,7.177565295188096,78.95321824706905,27.70316149522418,304.73477644746595,138515.80747612086
5.887431426018461,1.2308758186554263,28,0.0005,0.0025,0.053078736573687516,0.26539368286843756,5.804217830605459,63.84639613666004,27.329938357724465,300.6293219349691,136649.6917886223
6.077559536319719,1.2962725005138451,28,0.0005,0.0025,0.05040092519700531,0.25200462598502654,6.708950558928517,73.7984561482137,27.59192774632747,303.5112052096022,137959.63873163736
5.515088795850902,1.1695540220947818,26,0.0005,0.0025,0.04816650814678489,0.2408325407339244,1.4992205114822772,16.49142562630505,7.750630616293721,85.25693677923094,38753.15308146861
5.725011241045176,1.4028885955604244,27,0.0005,0.0025,0.043303509767097126,0.21651754883548563,11.056639915484546,121.62303907033,39.742526822438094,437.1677950468191,198712.63411219048
6.153240527737884,1.3399327583214875,25,0.0005,0.0025,0.03887010971996632,0.1943505485998316,11.745323525871731,129.19855878458904,39.868174487507325,438.5499193625807,199340.8724375367
5.178822424960231,1.09942529242198,26,0.0005,0.0025,0.051238891556909485,0.2561944577845474,1.2226619911774221,13.449281902951643,7.6174313890561915,83.79174527961811,38087.156945280956
5.469345751792083,1.487330627116768,29,0.0005,0.0025,0.047120211239912294,0.23560105619956148,7.737641927209908,85.11406119930898,27.81938112014062,306.01319232154674,139096.90560070306
6.847553540185169,1.1947152587281873,25,0.0005,0.0025,0.04359476699810272,0.2179738349905136,10.318632094059673,113.50495303465641,39.59033150767701,435.49364658444705,197951.657538385
6.36645314528422,1.4271320780809438,28,0.0005,0.0025,0.04577945821327672,0.2288972910663836,2.4677097605215135,27.144807365736643,7.993141220683038,87.9245534275134,39965.70610341518
6.972711077157599,1.2700132738606253,28,0.0005,0.0025,0.05144303187850239,0.25721515939251194,10.61847647153902,116.80324118692923,39.65457586935223,436.2003345628745,198272.87934676112
5.466952339637588,1.020955202188109,27,0.0005,0.0025,0.05950310049824001,0.29751550249120007,1.0562970989166394,11.619268088083032,7.507277157808853,82.58004873589738,37536.38578904426
6.504267209476283,1.173790576756361,25,0.0005,0.0025,0.044371912984051895,0.22185956492025946,9.408810330035006,103.49691363038507,39.37189964671176,433.0908961138294,196859.4982335588
5.356072104820827,1.3536471750171415,25,0.0005,0.0025,0.03847629891642466,0.19238149458212328,2.0727844572788743,22.800629030067615,7.920052012617606,87.12057213879366,39600.260063088026
5.694080587978114,1.039893268663023,26,0.0005,0.0025,0.054172226161017814,0.27086113080508906,4.202141645104545,46.22355809614999,26.615470696678784,292.7701776634666,133077.35348339388
5.9815241891198525,1.4549239882359828,27,0.0005,0.0025,0.041754758661760816,0.2087737933088041,8.751834859590778,96.27018345549854,27.993787740110452,307.931665141215,139968.93870055224
6.047519000163526,1.313738884335928,29,0.0005,0.0025,0.053346471029331856,0.2667323551466593,9.44951548288833,103.94467031177165,39.382515036621385,433.20766540283523,196912.5751831069
5.068963384506218,1.2238954876306722,26,0.0005,0.0025,0.046027895275918135,0.23013947637959065,7.5489275728470595,83.03820330131765,38.77412841817473,426.5154125999221,193870.6420908737
5.446008522238998,1.3041793391043996,29,0.0005,0.0025,0.053737497008241715,0.2686874850412086,8.31556833712367,91.47125170836038,39.050648069805845,429.55712876786436,195253.24034902925
6.8973347178868885,1.1412658605310544,28,0.0005,0.0025,0.05724637491822667,0.28623187459113336,5.848954833327922,64.33850316660714,27.344664777221084,300.79131254943195,136723.32388610544
6.847225689164096,1.307434369607549,25,0.0005,0.0025,0.03983628895190137,0.19918144475950683,12.481043124499207,137.29147436949128,39.98781865172605,439.86600516898665,199939.09325863028
5.503049558699551,1.1182384522253295,27,0.0005,0.0025,0.05432651674524839,0.27163258372624194,6.508147830940222,71.58962614034245,38.303650364390144,421.3401540082916,191518.25182195075
6.6768728975042375,1.2898000075181675,25,0.0005,0.0025,0.040380937377688546,0.2019046868884427,2.362479944387407,25.987279388261477,7.975933766346114,87.73527142980727,39879.668831730574
6.346696334980493,1.4138294792177892,28,0.0005,0.0025,0.046210193162388606,0.231050965811943,2.411690909947213,26.528600009419343,7.984158537041941,87.82574390746136,39920.79268520971
5.146002620668494,1.3967978271626658,26,0.0005,0.0025,0.04033034146950529,0.2016517073475264,2.036869564089265,22.40556520498191,7.912080936241939,87.03289029866131,39560.404681209686
5.147621987849653,1.3385785182781547,28,0.0005,0.0025,0.04880799478044303,0.24403997390221513,6.01679812718995,66.18477939908946,27.398095896169732,301.3790548578672,136990.47948084873
6.2688901625412035,1.258604219023958,27,0.0005,0.0025,0.048267754931817536,0.24133877465908768,9.670202453335522,106.37222698669075,39.43860660635567,433.82467266991233,197193.03303177832
5.366261319938619,1.1281919286761275,28,0.0005,0.0025,0.05790976842920555,0.2895488421460278,6.202224469123401,68.22446916035742,38.13809323293891,419.51902556232807,190690.46616469458
5.527844629657588,1.4775169970384139,29,0.0005,0.0025,0.04743318247696019,0.23716591238480098,11.023428669675464,121.2577153664301,39.73609214274526,437.09701357019793,198680.46071372635
5.264360490015783,1.3208964341331788,27,0.0005,0.0025,0.045991493678205285,0.22995746839102643,8.897228510627228,97.8695136168995,39.230750056048734,431.53825061653606,196153.75028024366
5.263920070179003,1.0791296010393154,28,0.0005,0.0025,0.06054261996928863,0.3027130998464431,1.1003799095501567,12.104179005051725,7.539376743775926,82.93314418153518,37696.883718879624
5.840247972211903,1.0954011838065312,28,0.0005,0.0025,0.05964329261202666,0.2982164630601333,6.379691147922383,70.17660262714621,38.23589369521188,420.5948306473307,191179.4684760594
6.935580328745525,1.4489270351408399,27,0.0005,0.0025,0.041927577115085664,0.2096378855754283,2.894343558023117,31.83777913825429,8.05061885008409,88.556807350925,40253.09425042045
5.2148953706343235,1.113312597470935,28,0.0005,0.0025,0.058683727716499656,0.2934186385824983,5.835635660823413,64.19199226905754,37.91906447459218,417.10970922051405,189595.32237296095
5.880540495267975,1.24189393413349,29,0.0005,0.0025,0.05643262391987828,0.2821631195993914,1.6257546023123457,17.883300625435805,7.797546842540037,85.77301526794041,38987.73421270018
5.025898065694146,1.4034019473997716,26,0.0005,0.0025,0.04014055519711081,0.20070277598555403,10.032085885366705,110.35294473903376,39.525559187105884,434.7811510581647,197627.7959355294
6.386303926900676,1.0655988107682406,28,0.0005,0.0025,0.06131137973608609,0.3065568986804304,1.3247218131482983,14.57193994463128,7.672500770421443,84.39750847463587,38362.503852107206
5.278230734254714,1.4695870996824947,28,0.0005,0.0025,0.04445693171057956,0.22228465855289778,10.771277991853268,118.48405791038594,39.686014964001075,436.5461646040118,198430.07482000536
5.3497137900807115,1.2245596077821532,27,0.0005,0.0025,0.04960967160269695,0.24804835801348474,7.691215259782061,84.60336785760268,38.82930181450759,427.1223199595835,194146.50907253794
5.475889006386158,1.1383650532246377,29,0.0005,0.0025,0.06156490234376822,0.3078245117188411,6.223331332855324,68.45664466140856,38.14999051372816,419.64989565100973,190749.9525686408
6.400936131057854,1.2952087676329074,27,0.0005,0.0025,0.04690363555137543,0.23451817775687717,2.1015300592783235,23.116830652061562,7.926246684035474,87.18871352439024,39631.23342017738
5.991388375244019,1.0260726209541993,29,0.0005,0.0025,0.06830250793375534,0.3415125396687767,5.462326063758175,60.08558670133992,37.668923300600774,414.3581563066085,188344.61650300387
5.337842646171025,1.3062853836376176,28,0.0005,0.0025,0.05001459417037904,0.25007297085189517,5.9362461513820675,65.29870766520274,27.372804108610083,301.1008451947109,136864.02054305043
5.651797432967411,1.0486654316062447,28,0.0005,0.0025,0.062301408403690806,0.311507042018454,1.1174465458853544,12.291912004738897,7.551192744921241,83.06312019413363,37755.9637246062
6.258036534169687,1.2043489953282165,25,0.0005,0.0025,0.043246047063907146,0.21623023531953572,1.9076413286107816,20.9840546147186,7.8810700356038454,86.6917703916423,39405.350178019224
6.041775809217686,1.450396351817737,27,0.0005,0.0025,0.041885102595482886,0.20942551297741444,8.78672716086711,96.6539987695382,27.999105762765247,307.9901633904177,139995.52881382624
6.88854333921764,1.253597578155205,26,0.0005,0.0025,0.044937334209143504,0.2246866710457175,2.206014310463688,24.266157415100565,7.947476426914847,87.42224069606331,39737.38213457423
6.1424222533267345,1.3126010485841475,26,0.0005,0.0025,0.04291733074120118,0.21458665370600585,10.768937236215544,118.45830959837099,39.68553970890883,436.54093679799706,198427.6985445441
6.778860065618521,1.0731854773316378,27,0.0005,0.0025,0.05660717674921249,0.2830358837460625,1.493703031183433,16.430733343017764,7.748418020441095,85.23259822485204,38742.090102205475
5.872715220952954,1.4088382327613165,28,0.0005,0.0025,0.046373907105914,0.23186953552957,2.2056537297222025,24.26219102694423,7.947406434248199,87.42147077673019,39737.03217124099
6.8724774578012715,1.147942578356202,26,0.0005,0.0025,0.049073302441660395,0.24536651220830194,9.124958208309552,100.37454029140508,39.2954112156272,432.2495233718992,196477.056078136
5.218785333118939,1.3857400292207758,29,0.0005,0.0025,0.05057466180921563,0.2528733090460782,1.8095783561492524,19.90536191764178,7.854773967552468,86.40251364307716,39273.869837762344
6.937606872566725,1.1455408646561243,26,0.0005,0.0025,0.049176188359062886,0.24588094179531442,1.8352463993584072,20.187710392942478,7.861911100837091,86.48102210920801,39309.55550418546
6.420667559424755,1.1988317696648318,28,0.0005,0.0025,0.05449749913751381,0.272487495687569,6.019806637854262,66.21787301639688,27.399028291552067,301.38931120707275,136995.14145776036
5.371198803618572,1.0078877398563604,27,0.0005,0.0025,0.060274569872888636,0.3013728493644432,3.5212140859273764,38.73335494520114,26.136769134020206,287.5044604742223,130683.84567010104
5.879711802649216,1.1131218317723126,29,0.0005,0.0025,0.06296106260151833,0.3148053130075917,1.2811882548691642,14.093070803560806,7.649988192235415,84.14987011458956,38249.940961177075
5.561104087350385,1.3663040590165207,26,0.0005,0.0025,0.04123045156865203,0.2061522578432601,10.551920179073106,116.07112196980415,39.64061314751391,436.04674462265297,198203.0657375695
5.586371111325185,1.4654799941332277,25,0.0005,0.0025,0.03554011896568982,0.1777005948284491,2.5618237901544543,28.180061691698995,8.007389436044823,88.08128379649304,40036.94718022411
6.696701231717952,1.1475034973834073,27,0.0005,0.0025,0.052941015115444155,0.2647050755772208,5.961567063289487,65.57723769618437,27.380822990061947,301.18905289068147,136904.11495030974
6.971190411688846,1.000747973604477,26,0.0005,0.0025,0.056291228979892804,0.28145614489946397,4.823438508401387,53.05782359241526,26.944179886698336,296.38597875368174,134720.8994334917
6.226498888150048,1.2597874189325289,28,0.0005,0.0025,0.0518606015201303,0.2593030076006515,9.253810038824312,101.79191042706745,39.33067698692584,432.6374468561842,196653.3849346292
5.5311084957356025,1.4577065942248688,27,0.0005,0.0025,0.04167505329308305,0.20837526646541524,11.560355206843655,127.16390727528021,39.83582239888461,438.1940463877306,199179.111994423
5.549840111658405,1.2383211221618176,25,0.0005,0.0025,0.04205963412980316,0.21029817064901582,1.7807078322686296,19.587786154954927,7.846516703043991,86.3116837334839,39232.58351521996
6.165889410781212,1.3384426407688497,25,0.0005,0.0025,0.03891338466578949,0.19456692332894743,8.220237973229498,90.42261770552449,27.907465642230157,306.9821220645318,139537.32821115083
6.962012997436464,1.4175303282711282,25,0.0005,0.0025,0.036742306174751174,0.18371153087375588,3.0080200595772677,33.08822065534994,8.063293109804091,88.696224207845,40316.46554902045
5.246770687365401,1.391720787686737,28,0.0005,0.0025,0.04694428215154262,0.2347214107577131,1.9068712628088047,20.975583890896857,7.880873423487386,86.68960765836127,39404.36711743694
6.835441745141175,1.0208745611655012,29,0.0005,0.0025,0.06865028868318683,0.34325144341593417,4.375071106779891,48.1257821745788,26.715482523100825,293.8703077541091,133577.41261550412
6.8830550931498635,1.2552833878826168,29,0.0005,0.0025,0.055830686528520294,0.2791534326426015,1.9687680307047222,21.656448337751943,7.896215579577306,86.85837137535037,39481.077897886535
5.586887456234656,1.4603754966779503,27,0.0005,0.0025,0.04159889024308719,0.20799445121543597,2.3456785691675632,25.802464260843195,7.973050695839295,87.70355765423224,39865.25347919647
5.439040027903414,1.1132804941922596,29,0.0005,0.0025,0.06295208952186149,0.3147604476093075,1.176122845293299,12.93735129822629,7.589453216199367,83.48398537819304,37947.26608099684
5.221850792197047,1.4536853149872395,27,0.0005,0.0025,0.04179033754670162,0.2089516877335081,10.815473022418502,118.97020324660353,39.69495160789963,436.64446768689595,198474.75803949818
5.130994316361454,1.1235763585927923,25,0.0005,0.0025,0.046354956594640694,0.23177478297320347,6.62674394156407,72.89418335720477,38.36407565521506,422.0048322073656,191820.37827607527
6.777920319318817,1.465801504051906,25,0.0005,0.0025,0.035532323571342846,0.17766161785671422,3.1364726071414126,34.50119867855554,8.07655177860908,88.84206956469988,40382.75889304541
6.3408657401785575,1.2039360205998242,29,0.0005,0.0025,0.05821184193692989,0.29105920968464943,8.245873612318412,90.70460973550254,39.027484200947995,429.30232621042796,195137.42100474
6.8450282571792656,1.4246173676663811,26,0.0005,0.0025,0.03954278152990028,0.19771390764950142,14.332810134326563,157.66091147759218,40.2368746833244,442.60562151656836,201184.37341662197
6.965753796186537,1.0082773345168592,26,0.0005,0.0025,0.055870871440670475,0.27935435720335233,4.898765796578408,53.88642376236249,26.9788326627506,296.7671592902567,134894.16331375303
5.459310723732059,1.4762962568732385,27,0.0005,0.0025,0.04115027706475874,0.2057513853237937,8.197652146304442,90.17417360934886,27.903562780412074,306.9391905845328,139517.81390206036
5.63834038987609,1.4897322838041092,25,0.0005,0.0025,0.034961538995674994,0.17480769497837498,2.677343830600974,29.450782136610712,8.023570368506038,88.25927405356641,40117.85184253019
5.4441705391358415,1.1590361198923254,26,0.0005,0.0025,0.04860360463879824,0.24301802319399118,7.2480397922496635,79.7284377147463,38.65089137201019,425.15980509211215,193254.456860051
5.435071413836467,1.1971397090988334,25,0.0005,0.0025,0.043506478765573585,0.21753239382786793,1.6191802645889486,17.810982910478437,7.795276808610469,85.74804489471515,38976.38404305234
6.352644022023428,1.3749198585436606,25,0.0005,0.0025,0.03788099576109179,0.18940497880545895,12.822111387873083,141.0432252666039,40.03884342892558,440.4272777181814,200194.2171446279
6.65501071566125,1.1182704074999013,29,0.0005,0.0025,0.06267118656033963,0.31335593280169816,5.185083661242367,57.035920273666044,27.102078640760276,298.12286504836305,135510.3932038014
5.594099456090348,1.1412962420433124,26,0.0005,0.0025,0.04935908071727049,0.24679540358635244,7.219100027300884,79.41010030030974,38.638540074232125,425.02394081655336,193192.7003711606
5.309991768416879,1.0475456964401673,26,0.0005,0.0025,0.053776492543254825,0.2688824627162741,5.647111083838267,62.11822192222093,37.79646087440929,415.76106961850223,188982.3043720465
5.503784257909671,1.2175418939220908,29,0.0005,0.0025,0.057561332125971094,0.2878066606298555,7.249471112288029,79.74418223516832,38.65149989462547,425.1664988408802,193257.49947312736
5.757948798051294,1.0995101271598635,25,0.0005,0.0025,0.0473695803674582,0.23684790183729096,1.433635866102278,15.769994527125057,7.723316968888069,84.95648665776875,38616.58484444034
6.405798726550541,1.48537813102156,28,0.0005,0.0025,0.04398431077506219,0.21992155387531093,13.505378124174442,148.55915936591887,40.13365366016577,441.4701902618235,200668.26830082887
5.703023950262468,1.1931826375018049,26,0.0005,0.0025,0.047212665993263014,0.23606332996631507,5.681078500697292,62.49186350767022,27.28829187824209,300.17121066066306,136441.4593912105
5.243074972351449,1.0787482455850879,28,0.0005,0.0025,0.06056402279282323,0.3028201139641161,3.8313172636225525,42.144489899848075,26.37370439844834,290.11074838293166,131868.52199224164
5.76142625127763,1.1704155770933997,25,0.0005,0.0025,0.044499863426866425,0.2224993171343321,1.6422932374866503,18.065225612353156,7.803182761507411,85.83501037658152,39015.91380753705
5.322125539499357,1.2240491474671626,27,0.0005,0.0025,0.04963036012541296,0.24815180062706482,7.641414588792355,84.0555604767159,38.8102071072267,426.9122781794937,194051.03553613348
5.0272612911356696,1.4357252691623357,25,0.0005,0.0025,0.036276671067941156,0.1813833553397058,7.684748620503145,84.53223482553459,27.80909059176902,305.8999965094592,139045.4529588451
6.650182103393956,1.0698492083239795,28,0.0005,0.0025,0.0610677961202441,0.3053389806012205,1.3967206702133816,15.363927372347199,7.706907981147582,84.77598779262341,38534.53990573792
5.918194277590967,1.3562264903372658,27,0.0005,0.0025,0.04479340319100588,0.2239670159550294,10.660759633444165,117.26835596788582,39.663360852128385,436.2969693734122,198316.8042606419
6.349037938668175,1.2912960874721366,27,0.0005,0.0025,0.04704575549278186,0.2352287774639093,10.35073005248087,113.85803057728957,39.59737650527738,435.5711415580512,197986.88252638688
6.085743936776559,1.1882513392303895,27,0.0005,0.0025,0.051125547259510566,0.25562773629755287,8.282917181626939,91.11208899789632,39.039841183419746,429.43825301761717,195199.2059170987
6.249594509732527,1.2011239289219953,25,0.0005,0.0025,0.04336216445215437,0.21681082226077183,6.629133933012141,72.92047326313354,27.571511983793684,303.2866318217305,137857.5599189684
5.315552204994605,1.2869459242040795,25,0.0005,0.0025,0.04047049091479475,0.20235245457397377,9.23218483639763,101.55403320037394,39.32482269595427,432.5730496554969,196624.11347977133
5.424436565443858,1.439062876514273,28,0.0005,0.0025,0.045399915736541716,0.22699957868270856,7.423802409766296,81.66182650742925,27.75629663282259,305.3192629610485,138781.48316411296
5.430300164657576,1.108466404070684,27,0.0005,0.0025,0.054805449923339425,0.27402724961669717,4.403890270549102,48.44279297604012,26.731455519637176,294.04601071600894,133657.27759818587
6.1604693431482005,1.459600320990444,29,0.0005,0.0025,0.048015427460153436,0.24007713730076718,12.043855612149732,132.48241173364707,39.91839728925553,439.10237018181095,199591.9864462777
6.400153862195045,1.4566633979950012,29,0.0005,0.0025,0.04811223610739331,0.24056118053696657,8.7387673528155,96.12644088097052,27.9917856818552,307.9096425004073,139958.92840927604
6.921249361925204,1.368240742535276,27,0.0005,0.0025,0.04440008114904804,0.2220004057452402,2.5618003156466127,28.17980347211274,8.007386006593205,88.08124607252526,40036.930032966025
5.6027855018945,1.3840190911870285,25,0.0005,0.0025,0.03763194717831756,0.1881597358915878,7.974402163784056,87.71842380162462,27.863857733403957,306.50243506744357,139319.2886670198
6.574456793089718,1.223058224606091,27,0.0005,0.0025,0.04967057068731595,0.24835285343657978,1.9141480011758223,21.055628012934047,7.882725383563077,86.70997921919384,39413.626917815374
5.609734409221731,1.3629135779522445,29,0.0005,0.0025,0.051421700148172565,0.25710850074086283,9.432905206870435,103.7619572755748,39.37819366043129,433.1601302647443,196890.96830215649
6.181770065316683,1.3238845148437055,28,0.0005,0.0025,0.04934972242729679,0.2467486121364839,7.144591940461483,78.59051134507632,27.695784278307087,304.65362706137796,138478.92139153543
5.934833883600362,1.3793292088105003,28,0.0005,0.0025,0.047366018870632916,0.23683009435316457,2.1326536697082688,23.459190366790956,7.932776001788451,87.26053601967297,39663.88000894226
6.520118367265496,1.4742879741094717,27,0.0005,0.0025,0.04120633218669196,0.2060316609334598,14.06847173163672,154.75318904800392,40.20516228778342,442.25678516561766,201025.81143891712
6.932883873600936,1.0080183622949908,28,0.0005,0.0025,0.06481363413319838,0.32406817066599186,6.416466051443859,70.58112656588244,38.25554369769584,420.8109806746543,191277.7184884792
6.167728183691072,1.2657881082471218,28,0.0005,0.0025,0.05161474729274215,0.25807373646371073,6.477807186997373,71.2558790569711,27.531511750569543,302.84662925626503,137657.55875284772
6.940140198401238,1.1918170805981343,28,0.0005,0.0025,0.05481825558377185,0.27409127791885923,9.229924824533683,101.52917306987052,39.32420939189949,432.56630331089445,196621.04695949747
6.976538373473285,1.133837141001713,25,0.0005,0.0025,0.0459354623780618,0.229677311890309,9.417173728697104,103.58891101566815,39.37408773769022,433.1149651145924,196870.43868845107
6.999103151958314,1.1217797878416962,27,0.0005,0.0025,0.054155013897052795,0.270775069485264,5.954034645358335,65.49438109894169,27.378444184864687,301.16288603351154,136892.22092432342
6.271648339369362,1.4476924051837174,27,0.0005,0.0025,0.04196333404974284,0.20981667024871423,2.6005964115991262,28.60656052759039,8.012973219816724,88.14270541798396,40064.866099083614
5.3016534041368315,1.3804577471736492,27,0.0005,0.0025,0.0440071419240318,0.22003570962015903,1.9698629911110843,21.668492902221928,7.896478825295741,86.86126707825315,39482.3941264787
5.544704032493618,1.4041031445866128,28,0.0005,0.0025,0.04653029486132827,0.23265147430664135,7.212359672359194,79.33595639595113,27.710877191871273,304.81964911058395,138554.38595935635
